Pokemon Links,Pokemon Name,Pokemon Number
https://bulbapedia.bulbagarden.net/wiki/Bulbasaur_(Pok%C3%A9mon),Bulbasaur," #001
"
https://bulbapedia.bulbagarden.net/wiki/Ivysaur_(Pok%C3%A9mon),Ivysaur," #002
"
https://bulbapedia.bulbagarden.net/wiki/Venusaur_(Pok%C3%A9mon),Venusaur," #003
"
https://bulbapedia.bulbagarden.net/wiki/Charmander_(Pok%C3%A9mon),Charmander," #004
"
https://bulbapedia.bulbagarden.net/wiki/Charmeleon_(Pok%C3%A9mon),Charmeleon," #005
"
https://bulbapedia.bulbagarden.net/wiki/Charizard_(Pok%C3%A9mon),Charizard," #006
"
https://bulbapedia.bulbagarden.net/wiki/Squirtle_(Pok%C3%A9mon),Squirtle," #007
"
https://bulbapedia.bulbagarden.net/wiki/Wartortle_(Pok%C3%A9mon),Wartortle," #008
"
https://bulbapedia.bulbagarden.net/wiki/Blastoise_(Pok%C3%A9mon),Blastoise," #009
"
https://bulbapedia.bulbagarden.net/wiki/Caterpie_(Pok%C3%A9mon),Caterpie," #010
"
https://bulbapedia.bulbagarden.net/wiki/Metapod_(Pok%C3%A9mon),Metapod," #011
"
https://bulbapedia.bulbagarden.net/wiki/Butterfree_(Pok%C3%A9mon),Butterfree," #012
"
https://bulbapedia.bulbagarden.net/wiki/Weedle_(Pok%C3%A9mon),Weedle," #013
"
https://bulbapedia.bulbagarden.net/wiki/Kakuna_(Pok%C3%A9mon),Kakuna," #014
"
https://bulbapedia.bulbagarden.net/wiki/Beedrill_(Pok%C3%A9mon),Beedrill," #015
"
https://bulbapedia.bulbagarden.net/wiki/Pidgey_(Pok%C3%A9mon),Pidgey," #016
"
https://bulbapedia.bulbagarden.net/wiki/Pidgeotto_(Pok%C3%A9mon),Pidgeotto," #017
"
https://bulbapedia.bulbagarden.net/wiki/Pidgeot_(Pok%C3%A9mon),Pidgeot," #018
"
https://bulbapedia.bulbagarden.net/wiki/Rattata_(Pok%C3%A9mon),Rattata," #019
"
https://bulbapedia.bulbagarden.net/wiki/Raticate_(Pok%C3%A9mon),Raticate," #020
"
https://bulbapedia.bulbagarden.net/wiki/Spearow_(Pok%C3%A9mon),Spearow," #021
"
https://bulbapedia.bulbagarden.net/wiki/Fearow_(Pok%C3%A9mon),Fearow," #022
"
https://bulbapedia.bulbagarden.net/wiki/Ekans_(Pok%C3%A9mon),Ekans," #023
"
https://bulbapedia.bulbagarden.net/wiki/Arbok_(Pok%C3%A9mon),Arbok," #024
"
https://bulbapedia.bulbagarden.net/wiki/Pikachu_(Pok%C3%A9mon),Pikachu," #025
"
https://bulbapedia.bulbagarden.net/wiki/Raichu_(Pok%C3%A9mon),Raichu," #026
"
https://bulbapedia.bulbagarden.net/wiki/Sandshrew_(Pok%C3%A9mon),Sandshrew," #027
"
https://bulbapedia.bulbagarden.net/wiki/Sandslash_(Pok%C3%A9mon),Sandslash," #028
"
https://bulbapedia.bulbagarden.net/wiki/Nidoran%E2%99%80_(Pok%C3%A9mon),Nidoran♀," #029
"
https://bulbapedia.bulbagarden.net/wiki/Nidorina_(Pok%C3%A9mon),Nidorina," #030
"
https://bulbapedia.bulbagarden.net/wiki/Nidoqueen_(Pok%C3%A9mon),Nidoqueen," #031
"
https://bulbapedia.bulbagarden.net/wiki/Nidoran%E2%99%82_(Pok%C3%A9mon),Nidoran♂," #032
"
https://bulbapedia.bulbagarden.net/wiki/Nidorino_(Pok%C3%A9mon),Nidorino," #033
"
https://bulbapedia.bulbagarden.net/wiki/Nidoking_(Pok%C3%A9mon),Nidoking," #034
"
https://bulbapedia.bulbagarden.net/wiki/Clefairy_(Pok%C3%A9mon),Clefairy," #035
"
https://bulbapedia.bulbagarden.net/wiki/Clefable_(Pok%C3%A9mon),Clefable," #036
"
https://bulbapedia.bulbagarden.net/wiki/Vulpix_(Pok%C3%A9mon),Vulpix," #037
"
https://bulbapedia.bulbagarden.net/wiki/Ninetales_(Pok%C3%A9mon),Ninetales," #038
"
https://bulbapedia.bulbagarden.net/wiki/Jigglypuff_(Pok%C3%A9mon),Jigglypuff," #039
"
https://bulbapedia.bulbagarden.net/wiki/Wigglytuff_(Pok%C3%A9mon),Wigglytuff," #040
"
https://bulbapedia.bulbagarden.net/wiki/Zubat_(Pok%C3%A9mon),Zubat," #041
"
https://bulbapedia.bulbagarden.net/wiki/Golbat_(Pok%C3%A9mon),Golbat," #042
"
https://bulbapedia.bulbagarden.net/wiki/Oddish_(Pok%C3%A9mon),Oddish," #043
"
https://bulbapedia.bulbagarden.net/wiki/Gloom_(Pok%C3%A9mon),Gloom," #044
"
https://bulbapedia.bulbagarden.net/wiki/Vileplume_(Pok%C3%A9mon),Vileplume," #045
"
https://bulbapedia.bulbagarden.net/wiki/Paras_(Pok%C3%A9mon),Paras," #046
"
https://bulbapedia.bulbagarden.net/wiki/Parasect_(Pok%C3%A9mon),Parasect," #047
"
https://bulbapedia.bulbagarden.net/wiki/Venonat_(Pok%C3%A9mon),Venonat," #048
"
https://bulbapedia.bulbagarden.net/wiki/Venomoth_(Pok%C3%A9mon),Venomoth," #049
"
https://bulbapedia.bulbagarden.net/wiki/Diglett_(Pok%C3%A9mon),Diglett," #050
"
https://bulbapedia.bulbagarden.net/wiki/Dugtrio_(Pok%C3%A9mon),Dugtrio," #051
"
https://bulbapedia.bulbagarden.net/wiki/Meowth_(Pok%C3%A9mon),Meowth," #052
"
https://bulbapedia.bulbagarden.net/wiki/Persian_(Pok%C3%A9mon),Persian," #053
"
https://bulbapedia.bulbagarden.net/wiki/Psyduck_(Pok%C3%A9mon),Psyduck," #054
"
https://bulbapedia.bulbagarden.net/wiki/Golduck_(Pok%C3%A9mon),Golduck," #055
"
https://bulbapedia.bulbagarden.net/wiki/Mankey_(Pok%C3%A9mon),Mankey," #056
"
https://bulbapedia.bulbagarden.net/wiki/Primeape_(Pok%C3%A9mon),Primeape," #057
"
https://bulbapedia.bulbagarden.net/wiki/Growlithe_(Pok%C3%A9mon),Growlithe," #058
"
https://bulbapedia.bulbagarden.net/wiki/Arcanine_(Pok%C3%A9mon),Arcanine," #059
"
https://bulbapedia.bulbagarden.net/wiki/Poliwag_(Pok%C3%A9mon),Poliwag," #060
"
https://bulbapedia.bulbagarden.net/wiki/Poliwhirl_(Pok%C3%A9mon),Poliwhirl," #061
"
https://bulbapedia.bulbagarden.net/wiki/Poliwrath_(Pok%C3%A9mon),Poliwrath," #062
"
https://bulbapedia.bulbagarden.net/wiki/Abra_(Pok%C3%A9mon),Abra," #063
"
https://bulbapedia.bulbagarden.net/wiki/Kadabra_(Pok%C3%A9mon),Kadabra," #064
"
https://bulbapedia.bulbagarden.net/wiki/Alakazam_(Pok%C3%A9mon),Alakazam," #065
"
https://bulbapedia.bulbagarden.net/wiki/Machop_(Pok%C3%A9mon),Machop," #066
"
https://bulbapedia.bulbagarden.net/wiki/Machoke_(Pok%C3%A9mon),Machoke," #067
"
https://bulbapedia.bulbagarden.net/wiki/Machamp_(Pok%C3%A9mon),Machamp," #068
"
https://bulbapedia.bulbagarden.net/wiki/Bellsprout_(Pok%C3%A9mon),Bellsprout," #069
"
https://bulbapedia.bulbagarden.net/wiki/Weepinbell_(Pok%C3%A9mon),Weepinbell," #070
"
https://bulbapedia.bulbagarden.net/wiki/Victreebel_(Pok%C3%A9mon),Victreebel," #071
"
https://bulbapedia.bulbagarden.net/wiki/Tentacool_(Pok%C3%A9mon),Tentacool," #072
"
https://bulbapedia.bulbagarden.net/wiki/Tentacruel_(Pok%C3%A9mon),Tentacruel," #073
"
https://bulbapedia.bulbagarden.net/wiki/Geodude_(Pok%C3%A9mon),Geodude," #074
"
https://bulbapedia.bulbagarden.net/wiki/Graveler_(Pok%C3%A9mon),Graveler," #075
"
https://bulbapedia.bulbagarden.net/wiki/Golem_(Pok%C3%A9mon),Golem," #076
"
https://bulbapedia.bulbagarden.net/wiki/Ponyta_(Pok%C3%A9mon),Ponyta," #077
"
https://bulbapedia.bulbagarden.net/wiki/Rapidash_(Pok%C3%A9mon),Rapidash," #078
"
https://bulbapedia.bulbagarden.net/wiki/Slowpoke_(Pok%C3%A9mon),Slowpoke," #079
"
https://bulbapedia.bulbagarden.net/wiki/Slowbro_(Pok%C3%A9mon),Slowbro," #080
"
https://bulbapedia.bulbagarden.net/wiki/Magnemite_(Pok%C3%A9mon),Magnemite," #081
"
https://bulbapedia.bulbagarden.net/wiki/Magneton_(Pok%C3%A9mon),Magneton," #082
"
https://bulbapedia.bulbagarden.net/wiki/Farfetch%27d_(Pok%C3%A9mon),Farfetch'd," #083
"
https://bulbapedia.bulbagarden.net/wiki/Doduo_(Pok%C3%A9mon),Doduo," #084
"
https://bulbapedia.bulbagarden.net/wiki/Dodrio_(Pok%C3%A9mon),Dodrio," #085
"
https://bulbapedia.bulbagarden.net/wiki/Seel_(Pok%C3%A9mon),Seel," #086
"
https://bulbapedia.bulbagarden.net/wiki/Dewgong_(Pok%C3%A9mon),Dewgong," #087
"
https://bulbapedia.bulbagarden.net/wiki/Grimer_(Pok%C3%A9mon),Grimer," #088
"
https://bulbapedia.bulbagarden.net/wiki/Muk_(Pok%C3%A9mon),Muk," #089
"
https://bulbapedia.bulbagarden.net/wiki/Shellder_(Pok%C3%A9mon),Shellder," #090
"
https://bulbapedia.bulbagarden.net/wiki/Cloyster_(Pok%C3%A9mon),Cloyster," #091
"
https://bulbapedia.bulbagarden.net/wiki/Gastly_(Pok%C3%A9mon),Gastly," #092
"
https://bulbapedia.bulbagarden.net/wiki/Haunter_(Pok%C3%A9mon),Haunter," #093
"
https://bulbapedia.bulbagarden.net/wiki/Gengar_(Pok%C3%A9mon),Gengar," #094
"
https://bulbapedia.bulbagarden.net/wiki/Onix_(Pok%C3%A9mon),Onix," #095
"
https://bulbapedia.bulbagarden.net/wiki/Drowzee_(Pok%C3%A9mon),Drowzee," #096
"
https://bulbapedia.bulbagarden.net/wiki/Hypno_(Pok%C3%A9mon),Hypno," #097
"
https://bulbapedia.bulbagarden.net/wiki/Krabby_(Pok%C3%A9mon),Krabby," #098
"
https://bulbapedia.bulbagarden.net/wiki/Kingler_(Pok%C3%A9mon),Kingler," #099
"
https://bulbapedia.bulbagarden.net/wiki/Voltorb_(Pok%C3%A9mon),Voltorb," #100
"
https://bulbapedia.bulbagarden.net/wiki/Electrode_(Pok%C3%A9mon),Electrode," #101
"
https://bulbapedia.bulbagarden.net/wiki/Exeggcute_(Pok%C3%A9mon),Exeggcute," #102
"
https://bulbapedia.bulbagarden.net/wiki/Exeggutor_(Pok%C3%A9mon),Exeggutor," #103
"
https://bulbapedia.bulbagarden.net/wiki/Cubone_(Pok%C3%A9mon),Cubone," #104
"
https://bulbapedia.bulbagarden.net/wiki/Marowak_(Pok%C3%A9mon),Marowak," #105
"
https://bulbapedia.bulbagarden.net/wiki/Hitmonlee_(Pok%C3%A9mon),Hitmonlee," #106
"
https://bulbapedia.bulbagarden.net/wiki/Hitmonchan_(Pok%C3%A9mon),Hitmonchan," #107
"
https://bulbapedia.bulbagarden.net/wiki/Lickitung_(Pok%C3%A9mon),Lickitung," #108
"
https://bulbapedia.bulbagarden.net/wiki/Koffing_(Pok%C3%A9mon),Koffing," #109
"
https://bulbapedia.bulbagarden.net/wiki/Weezing_(Pok%C3%A9mon),Weezing," #110
"
https://bulbapedia.bulbagarden.net/wiki/Rhyhorn_(Pok%C3%A9mon),Rhyhorn," #111
"
https://bulbapedia.bulbagarden.net/wiki/Rhydon_(Pok%C3%A9mon),Rhydon," #112
"
https://bulbapedia.bulbagarden.net/wiki/Chansey_(Pok%C3%A9mon),Chansey," #113
"
https://bulbapedia.bulbagarden.net/wiki/Tangela_(Pok%C3%A9mon),Tangela," #114
"
https://bulbapedia.bulbagarden.net/wiki/Kangaskhan_(Pok%C3%A9mon),Kangaskhan," #115
"
https://bulbapedia.bulbagarden.net/wiki/Horsea_(Pok%C3%A9mon),Horsea," #116
"
https://bulbapedia.bulbagarden.net/wiki/Seadra_(Pok%C3%A9mon),Seadra," #117
"
https://bulbapedia.bulbagarden.net/wiki/Goldeen_(Pok%C3%A9mon),Goldeen," #118
"
https://bulbapedia.bulbagarden.net/wiki/Seaking_(Pok%C3%A9mon),Seaking," #119
"
https://bulbapedia.bulbagarden.net/wiki/Staryu_(Pok%C3%A9mon),Staryu," #120
"
https://bulbapedia.bulbagarden.net/wiki/Starmie_(Pok%C3%A9mon),Starmie," #121
"
https://bulbapedia.bulbagarden.net/wiki/Mr._Mime_(Pok%C3%A9mon),Mr. Mime," #122
"
https://bulbapedia.bulbagarden.net/wiki/Scyther_(Pok%C3%A9mon),Scyther," #123
"
https://bulbapedia.bulbagarden.net/wiki/Jynx_(Pok%C3%A9mon),Jynx," #124
"
https://bulbapedia.bulbagarden.net/wiki/Electabuzz_(Pok%C3%A9mon),Electabuzz," #125
"
https://bulbapedia.bulbagarden.net/wiki/Magmar_(Pok%C3%A9mon),Magmar," #126
"
https://bulbapedia.bulbagarden.net/wiki/Pinsir_(Pok%C3%A9mon),Pinsir," #127
"
https://bulbapedia.bulbagarden.net/wiki/Tauros_(Pok%C3%A9mon),Tauros," #128
"
https://bulbapedia.bulbagarden.net/wiki/Magikarp_(Pok%C3%A9mon),Magikarp," #129
"
https://bulbapedia.bulbagarden.net/wiki/Gyarados_(Pok%C3%A9mon),Gyarados," #130
"
https://bulbapedia.bulbagarden.net/wiki/Lapras_(Pok%C3%A9mon),Lapras," #131
"
https://bulbapedia.bulbagarden.net/wiki/Ditto_(Pok%C3%A9mon),Ditto," #132
"
https://bulbapedia.bulbagarden.net/wiki/Eevee_(Pok%C3%A9mon),Eevee," #133
"
https://bulbapedia.bulbagarden.net/wiki/Vaporeon_(Pok%C3%A9mon),Vaporeon," #134
"
https://bulbapedia.bulbagarden.net/wiki/Jolteon_(Pok%C3%A9mon),Jolteon," #135
"
https://bulbapedia.bulbagarden.net/wiki/Flareon_(Pok%C3%A9mon),Flareon," #136
"
https://bulbapedia.bulbagarden.net/wiki/Porygon_(Pok%C3%A9mon),Porygon," #137
"
https://bulbapedia.bulbagarden.net/wiki/Omanyte_(Pok%C3%A9mon),Omanyte," #138
"
https://bulbapedia.bulbagarden.net/wiki/Omastar_(Pok%C3%A9mon),Omastar," #139
"
https://bulbapedia.bulbagarden.net/wiki/Kabuto_(Pok%C3%A9mon),Kabuto," #140
"
https://bulbapedia.bulbagarden.net/wiki/Kabutops_(Pok%C3%A9mon),Kabutops," #141
"
https://bulbapedia.bulbagarden.net/wiki/Aerodactyl_(Pok%C3%A9mon),Aerodactyl," #142
"
https://bulbapedia.bulbagarden.net/wiki/Snorlax_(Pok%C3%A9mon),Snorlax," #143
"
https://bulbapedia.bulbagarden.net/wiki/Articuno_(Pok%C3%A9mon),Articuno," #144
"
https://bulbapedia.bulbagarden.net/wiki/Zapdos_(Pok%C3%A9mon),Zapdos," #145
"
https://bulbapedia.bulbagarden.net/wiki/Moltres_(Pok%C3%A9mon),Moltres," #146
"
https://bulbapedia.bulbagarden.net/wiki/Dratini_(Pok%C3%A9mon),Dratini," #147
"
https://bulbapedia.bulbagarden.net/wiki/Dragonair_(Pok%C3%A9mon),Dragonair," #148
"
https://bulbapedia.bulbagarden.net/wiki/Dragonite_(Pok%C3%A9mon),Dragonite," #149
"
https://bulbapedia.bulbagarden.net/wiki/Mewtwo_(Pok%C3%A9mon),Mewtwo," #150
"
https://bulbapedia.bulbagarden.net/wiki/Mew_(Pok%C3%A9mon),Mew," #151
"
https://bulbapedia.bulbagarden.net/wiki/Chikorita_(Pok%C3%A9mon),Chikorita," #152
"
https://bulbapedia.bulbagarden.net/wiki/Bayleef_(Pok%C3%A9mon),Bayleef," #153
"
https://bulbapedia.bulbagarden.net/wiki/Meganium_(Pok%C3%A9mon),Meganium," #154
"
https://bulbapedia.bulbagarden.net/wiki/Cyndaquil_(Pok%C3%A9mon),Cyndaquil," #155
"
https://bulbapedia.bulbagarden.net/wiki/Quilava_(Pok%C3%A9mon),Quilava," #156
"
https://bulbapedia.bulbagarden.net/wiki/Typhlosion_(Pok%C3%A9mon),Typhlosion," #157
"
https://bulbapedia.bulbagarden.net/wiki/Totodile_(Pok%C3%A9mon),Totodile," #158
"
https://bulbapedia.bulbagarden.net/wiki/Croconaw_(Pok%C3%A9mon),Croconaw," #159
"
https://bulbapedia.bulbagarden.net/wiki/Feraligatr_(Pok%C3%A9mon),Feraligatr," #160
"
https://bulbapedia.bulbagarden.net/wiki/Sentret_(Pok%C3%A9mon),Sentret," #161
"
https://bulbapedia.bulbagarden.net/wiki/Furret_(Pok%C3%A9mon),Furret," #162
"
https://bulbapedia.bulbagarden.net/wiki/Hoothoot_(Pok%C3%A9mon),Hoothoot," #163
"
https://bulbapedia.bulbagarden.net/wiki/Noctowl_(Pok%C3%A9mon),Noctowl," #164
"
https://bulbapedia.bulbagarden.net/wiki/Ledyba_(Pok%C3%A9mon),Ledyba," #165
"
https://bulbapedia.bulbagarden.net/wiki/Ledian_(Pok%C3%A9mon),Ledian," #166
"
https://bulbapedia.bulbagarden.net/wiki/Spinarak_(Pok%C3%A9mon),Spinarak," #167
"
https://bulbapedia.bulbagarden.net/wiki/Ariados_(Pok%C3%A9mon),Ariados," #168
"
https://bulbapedia.bulbagarden.net/wiki/Crobat_(Pok%C3%A9mon),Crobat," #169
"
https://bulbapedia.bulbagarden.net/wiki/Chinchou_(Pok%C3%A9mon),Chinchou," #170
"
https://bulbapedia.bulbagarden.net/wiki/Lanturn_(Pok%C3%A9mon),Lanturn," #171
"
https://bulbapedia.bulbagarden.net/wiki/Pichu_(Pok%C3%A9mon),Pichu," #172
"
https://bulbapedia.bulbagarden.net/wiki/Cleffa_(Pok%C3%A9mon),Cleffa," #173
"
https://bulbapedia.bulbagarden.net/wiki/Igglybuff_(Pok%C3%A9mon),Igglybuff," #174
"
https://bulbapedia.bulbagarden.net/wiki/Togepi_(Pok%C3%A9mon),Togepi," #175
"
https://bulbapedia.bulbagarden.net/wiki/Togetic_(Pok%C3%A9mon),Togetic," #176
"
https://bulbapedia.bulbagarden.net/wiki/Natu_(Pok%C3%A9mon),Natu," #177
"
https://bulbapedia.bulbagarden.net/wiki/Xatu_(Pok%C3%A9mon),Xatu," #178
"
https://bulbapedia.bulbagarden.net/wiki/Mareep_(Pok%C3%A9mon),Mareep," #179
"
https://bulbapedia.bulbagarden.net/wiki/Flaaffy_(Pok%C3%A9mon),Flaaffy," #180
"
https://bulbapedia.bulbagarden.net/wiki/Ampharos_(Pok%C3%A9mon),Ampharos," #181
"
https://bulbapedia.bulbagarden.net/wiki/Bellossom_(Pok%C3%A9mon),Bellossom," #182
"
https://bulbapedia.bulbagarden.net/wiki/Marill_(Pok%C3%A9mon),Marill," #183
"
https://bulbapedia.bulbagarden.net/wiki/Azumarill_(Pok%C3%A9mon),Azumarill," #184
"
https://bulbapedia.bulbagarden.net/wiki/Sudowoodo_(Pok%C3%A9mon),Sudowoodo," #185
"
https://bulbapedia.bulbagarden.net/wiki/Politoed_(Pok%C3%A9mon),Politoed," #186
"
https://bulbapedia.bulbagarden.net/wiki/Hoppip_(Pok%C3%A9mon),Hoppip," #187
"
https://bulbapedia.bulbagarden.net/wiki/Skiploom_(Pok%C3%A9mon),Skiploom," #188
"
https://bulbapedia.bulbagarden.net/wiki/Jumpluff_(Pok%C3%A9mon),Jumpluff," #189
"
https://bulbapedia.bulbagarden.net/wiki/Aipom_(Pok%C3%A9mon),Aipom," #190
"
https://bulbapedia.bulbagarden.net/wiki/Sunkern_(Pok%C3%A9mon),Sunkern," #191
"
https://bulbapedia.bulbagarden.net/wiki/Sunflora_(Pok%C3%A9mon),Sunflora," #192
"
https://bulbapedia.bulbagarden.net/wiki/Yanma_(Pok%C3%A9mon),Yanma," #193
"
https://bulbapedia.bulbagarden.net/wiki/Wooper_(Pok%C3%A9mon),Wooper," #194
"
https://bulbapedia.bulbagarden.net/wiki/Quagsire_(Pok%C3%A9mon),Quagsire," #195
"
https://bulbapedia.bulbagarden.net/wiki/Espeon_(Pok%C3%A9mon),Espeon," #196
"
https://bulbapedia.bulbagarden.net/wiki/Umbreon_(Pok%C3%A9mon),Umbreon," #197
"
https://bulbapedia.bulbagarden.net/wiki/Murkrow_(Pok%C3%A9mon),Murkrow," #198
"
https://bulbapedia.bulbagarden.net/wiki/Slowking_(Pok%C3%A9mon),Slowking," #199
"
https://bulbapedia.bulbagarden.net/wiki/Misdreavus_(Pok%C3%A9mon),Misdreavus," #200
"
https://bulbapedia.bulbagarden.net/wiki/Unown_(Pok%C3%A9mon),Unown," #201
"
https://bulbapedia.bulbagarden.net/wiki/Wobbuffet_(Pok%C3%A9mon),Wobbuffet," #202
"
https://bulbapedia.bulbagarden.net/wiki/Girafarig_(Pok%C3%A9mon),Girafarig," #203
"
https://bulbapedia.bulbagarden.net/wiki/Pineco_(Pok%C3%A9mon),Pineco," #204
"
https://bulbapedia.bulbagarden.net/wiki/Forretress_(Pok%C3%A9mon),Forretress," #205
"
https://bulbapedia.bulbagarden.net/wiki/Dunsparce_(Pok%C3%A9mon),Dunsparce," #206
"
https://bulbapedia.bulbagarden.net/wiki/Gligar_(Pok%C3%A9mon),Gligar," #207
"
https://bulbapedia.bulbagarden.net/wiki/Steelix_(Pok%C3%A9mon),Steelix," #208
"
https://bulbapedia.bulbagarden.net/wiki/Snubbull_(Pok%C3%A9mon),Snubbull," #209
"
https://bulbapedia.bulbagarden.net/wiki/Granbull_(Pok%C3%A9mon),Granbull," #210
"
https://bulbapedia.bulbagarden.net/wiki/Qwilfish_(Pok%C3%A9mon),Qwilfish," #211
"
https://bulbapedia.bulbagarden.net/wiki/Scizor_(Pok%C3%A9mon),Scizor," #212
"
https://bulbapedia.bulbagarden.net/wiki/Shuckle_(Pok%C3%A9mon),Shuckle," #213
"
https://bulbapedia.bulbagarden.net/wiki/Heracross_(Pok%C3%A9mon),Heracross," #214
"
https://bulbapedia.bulbagarden.net/wiki/Sneasel_(Pok%C3%A9mon),Sneasel," #215
"
https://bulbapedia.bulbagarden.net/wiki/Teddiursa_(Pok%C3%A9mon),Teddiursa," #216
"
https://bulbapedia.bulbagarden.net/wiki/Ursaring_(Pok%C3%A9mon),Ursaring," #217
"
https://bulbapedia.bulbagarden.net/wiki/Slugma_(Pok%C3%A9mon),Slugma," #218
"
https://bulbapedia.bulbagarden.net/wiki/Magcargo_(Pok%C3%A9mon),Magcargo," #219
"
https://bulbapedia.bulbagarden.net/wiki/Swinub_(Pok%C3%A9mon),Swinub," #220
"
https://bulbapedia.bulbagarden.net/wiki/Piloswine_(Pok%C3%A9mon),Piloswine," #221
"
https://bulbapedia.bulbagarden.net/wiki/Corsola_(Pok%C3%A9mon),Corsola," #222
"
https://bulbapedia.bulbagarden.net/wiki/Remoraid_(Pok%C3%A9mon),Remoraid," #223
"
https://bulbapedia.bulbagarden.net/wiki/Octillery_(Pok%C3%A9mon),Octillery," #224
"
https://bulbapedia.bulbagarden.net/wiki/Delibird_(Pok%C3%A9mon),Delibird," #225
"
https://bulbapedia.bulbagarden.net/wiki/Mantine_(Pok%C3%A9mon),Mantine," #226
"
https://bulbapedia.bulbagarden.net/wiki/Skarmory_(Pok%C3%A9mon),Skarmory," #227
"
https://bulbapedia.bulbagarden.net/wiki/Houndour_(Pok%C3%A9mon),Houndour," #228
"
https://bulbapedia.bulbagarden.net/wiki/Houndoom_(Pok%C3%A9mon),Houndoom," #229
"
https://bulbapedia.bulbagarden.net/wiki/Kingdra_(Pok%C3%A9mon),Kingdra," #230
"
https://bulbapedia.bulbagarden.net/wiki/Phanpy_(Pok%C3%A9mon),Phanpy," #231
"
https://bulbapedia.bulbagarden.net/wiki/Donphan_(Pok%C3%A9mon),Donphan," #232
"
https://bulbapedia.bulbagarden.net/wiki/Porygon2_(Pok%C3%A9mon),Porygon2," #233
"
https://bulbapedia.bulbagarden.net/wiki/Stantler_(Pok%C3%A9mon),Stantler," #234
"
https://bulbapedia.bulbagarden.net/wiki/Smeargle_(Pok%C3%A9mon),Smeargle," #235
"
https://bulbapedia.bulbagarden.net/wiki/Tyrogue_(Pok%C3%A9mon),Tyrogue," #236
"
https://bulbapedia.bulbagarden.net/wiki/Hitmontop_(Pok%C3%A9mon),Hitmontop," #237
"
https://bulbapedia.bulbagarden.net/wiki/Smoochum_(Pok%C3%A9mon),Smoochum," #238
"
https://bulbapedia.bulbagarden.net/wiki/Elekid_(Pok%C3%A9mon),Elekid," #239
"
https://bulbapedia.bulbagarden.net/wiki/Magby_(Pok%C3%A9mon),Magby," #240
"
https://bulbapedia.bulbagarden.net/wiki/Miltank_(Pok%C3%A9mon),Miltank," #241
"
https://bulbapedia.bulbagarden.net/wiki/Blissey_(Pok%C3%A9mon),Blissey," #242
"
https://bulbapedia.bulbagarden.net/wiki/Raikou_(Pok%C3%A9mon),Raikou," #243
"
https://bulbapedia.bulbagarden.net/wiki/Entei_(Pok%C3%A9mon),Entei," #244
"
https://bulbapedia.bulbagarden.net/wiki/Suicune_(Pok%C3%A9mon),Suicune," #245
"
https://bulbapedia.bulbagarden.net/wiki/Larvitar_(Pok%C3%A9mon),Larvitar," #246
"
https://bulbapedia.bulbagarden.net/wiki/Pupitar_(Pok%C3%A9mon),Pupitar," #247
"
https://bulbapedia.bulbagarden.net/wiki/Tyranitar_(Pok%C3%A9mon),Tyranitar," #248
"
https://bulbapedia.bulbagarden.net/wiki/Lugia_(Pok%C3%A9mon),Lugia," #249
"
https://bulbapedia.bulbagarden.net/wiki/Ho-Oh_(Pok%C3%A9mon),Ho-Oh," #250
"
https://bulbapedia.bulbagarden.net/wiki/Celebi_(Pok%C3%A9mon),Celebi," #251
"
https://bulbapedia.bulbagarden.net/wiki/Treecko_(Pok%C3%A9mon),Treecko," #252
"
https://bulbapedia.bulbagarden.net/wiki/Grovyle_(Pok%C3%A9mon),Grovyle," #253
"
https://bulbapedia.bulbagarden.net/wiki/Sceptile_(Pok%C3%A9mon),Sceptile," #254
"
https://bulbapedia.bulbagarden.net/wiki/Torchic_(Pok%C3%A9mon),Torchic," #255
"
https://bulbapedia.bulbagarden.net/wiki/Combusken_(Pok%C3%A9mon),Combusken," #256
"
https://bulbapedia.bulbagarden.net/wiki/Blaziken_(Pok%C3%A9mon),Blaziken," #257
"
https://bulbapedia.bulbagarden.net/wiki/Mudkip_(Pok%C3%A9mon),Mudkip," #258
"
https://bulbapedia.bulbagarden.net/wiki/Marshtomp_(Pok%C3%A9mon),Marshtomp," #259
"
https://bulbapedia.bulbagarden.net/wiki/Swampert_(Pok%C3%A9mon),Swampert," #260
"
https://bulbapedia.bulbagarden.net/wiki/Poochyena_(Pok%C3%A9mon),Poochyena," #261
"
https://bulbapedia.bulbagarden.net/wiki/Mightyena_(Pok%C3%A9mon),Mightyena," #262
"
https://bulbapedia.bulbagarden.net/wiki/Zigzagoon_(Pok%C3%A9mon),Zigzagoon," #263
"
https://bulbapedia.bulbagarden.net/wiki/Linoone_(Pok%C3%A9mon),Linoone," #264
"
https://bulbapedia.bulbagarden.net/wiki/Wurmple_(Pok%C3%A9mon),Wurmple," #265
"
https://bulbapedia.bulbagarden.net/wiki/Silcoon_(Pok%C3%A9mon),Silcoon," #266
"
https://bulbapedia.bulbagarden.net/wiki/Beautifly_(Pok%C3%A9mon),Beautifly," #267
"
https://bulbapedia.bulbagarden.net/wiki/Cascoon_(Pok%C3%A9mon),Cascoon," #268
"
https://bulbapedia.bulbagarden.net/wiki/Dustox_(Pok%C3%A9mon),Dustox," #269
"
https://bulbapedia.bulbagarden.net/wiki/Lotad_(Pok%C3%A9mon),Lotad," #270
"
https://bulbapedia.bulbagarden.net/wiki/Lombre_(Pok%C3%A9mon),Lombre," #271
"
https://bulbapedia.bulbagarden.net/wiki/Ludicolo_(Pok%C3%A9mon),Ludicolo," #272
"
https://bulbapedia.bulbagarden.net/wiki/Seedot_(Pok%C3%A9mon),Seedot," #273
"
https://bulbapedia.bulbagarden.net/wiki/Nuzleaf_(Pok%C3%A9mon),Nuzleaf," #274
"
https://bulbapedia.bulbagarden.net/wiki/Shiftry_(Pok%C3%A9mon),Shiftry," #275
"
https://bulbapedia.bulbagarden.net/wiki/Taillow_(Pok%C3%A9mon),Taillow," #276
"
https://bulbapedia.bulbagarden.net/wiki/Swellow_(Pok%C3%A9mon),Swellow," #277
"
https://bulbapedia.bulbagarden.net/wiki/Wingull_(Pok%C3%A9mon),Wingull," #278
"
https://bulbapedia.bulbagarden.net/wiki/Pelipper_(Pok%C3%A9mon),Pelipper," #279
"
https://bulbapedia.bulbagarden.net/wiki/Ralts_(Pok%C3%A9mon),Ralts," #280
"
https://bulbapedia.bulbagarden.net/wiki/Kirlia_(Pok%C3%A9mon),Kirlia," #281
"
https://bulbapedia.bulbagarden.net/wiki/Gardevoir_(Pok%C3%A9mon),Gardevoir," #282
"
https://bulbapedia.bulbagarden.net/wiki/Surskit_(Pok%C3%A9mon),Surskit," #283
"
https://bulbapedia.bulbagarden.net/wiki/Masquerain_(Pok%C3%A9mon),Masquerain," #284
"
https://bulbapedia.bulbagarden.net/wiki/Shroomish_(Pok%C3%A9mon),Shroomish," #285
"
https://bulbapedia.bulbagarden.net/wiki/Breloom_(Pok%C3%A9mon),Breloom," #286
"
https://bulbapedia.bulbagarden.net/wiki/Slakoth_(Pok%C3%A9mon),Slakoth," #287
"
https://bulbapedia.bulbagarden.net/wiki/Vigoroth_(Pok%C3%A9mon),Vigoroth," #288
"
https://bulbapedia.bulbagarden.net/wiki/Slaking_(Pok%C3%A9mon),Slaking," #289
"
https://bulbapedia.bulbagarden.net/wiki/Nincada_(Pok%C3%A9mon),Nincada," #290
"
https://bulbapedia.bulbagarden.net/wiki/Ninjask_(Pok%C3%A9mon),Ninjask," #291
"
https://bulbapedia.bulbagarden.net/wiki/Shedinja_(Pok%C3%A9mon),Shedinja," #292
"
https://bulbapedia.bulbagarden.net/wiki/Whismur_(Pok%C3%A9mon),Whismur," #293
"
https://bulbapedia.bulbagarden.net/wiki/Loudred_(Pok%C3%A9mon),Loudred," #294
"
https://bulbapedia.bulbagarden.net/wiki/Exploud_(Pok%C3%A9mon),Exploud," #295
"
https://bulbapedia.bulbagarden.net/wiki/Makuhita_(Pok%C3%A9mon),Makuhita," #296
"
https://bulbapedia.bulbagarden.net/wiki/Hariyama_(Pok%C3%A9mon),Hariyama," #297
"
https://bulbapedia.bulbagarden.net/wiki/Azurill_(Pok%C3%A9mon),Azurill," #298
"
https://bulbapedia.bulbagarden.net/wiki/Nosepass_(Pok%C3%A9mon),Nosepass," #299
"
https://bulbapedia.bulbagarden.net/wiki/Skitty_(Pok%C3%A9mon),Skitty," #300
"
https://bulbapedia.bulbagarden.net/wiki/Delcatty_(Pok%C3%A9mon),Delcatty," #301
"
https://bulbapedia.bulbagarden.net/wiki/Sableye_(Pok%C3%A9mon),Sableye," #302
"
https://bulbapedia.bulbagarden.net/wiki/Mawile_(Pok%C3%A9mon),Mawile," #303
"
https://bulbapedia.bulbagarden.net/wiki/Aron_(Pok%C3%A9mon),Aron," #304
"
https://bulbapedia.bulbagarden.net/wiki/Lairon_(Pok%C3%A9mon),Lairon," #305
"
https://bulbapedia.bulbagarden.net/wiki/Aggron_(Pok%C3%A9mon),Aggron," #306
"
https://bulbapedia.bulbagarden.net/wiki/Meditite_(Pok%C3%A9mon),Meditite," #307
"
https://bulbapedia.bulbagarden.net/wiki/Medicham_(Pok%C3%A9mon),Medicham," #308
"
https://bulbapedia.bulbagarden.net/wiki/Electrike_(Pok%C3%A9mon),Electrike," #309
"
https://bulbapedia.bulbagarden.net/wiki/Manectric_(Pok%C3%A9mon),Manectric," #310
"
https://bulbapedia.bulbagarden.net/wiki/Plusle_(Pok%C3%A9mon),Plusle," #311
"
https://bulbapedia.bulbagarden.net/wiki/Minun_(Pok%C3%A9mon),Minun," #312
"
https://bulbapedia.bulbagarden.net/wiki/Volbeat_(Pok%C3%A9mon),Volbeat," #313
"
https://bulbapedia.bulbagarden.net/wiki/Illumise_(Pok%C3%A9mon),Illumise," #314
"
https://bulbapedia.bulbagarden.net/wiki/Roselia_(Pok%C3%A9mon),Roselia," #315
"
https://bulbapedia.bulbagarden.net/wiki/Gulpin_(Pok%C3%A9mon),Gulpin," #316
"
https://bulbapedia.bulbagarden.net/wiki/Swalot_(Pok%C3%A9mon),Swalot," #317
"
https://bulbapedia.bulbagarden.net/wiki/Carvanha_(Pok%C3%A9mon),Carvanha," #318
"
https://bulbapedia.bulbagarden.net/wiki/Sharpedo_(Pok%C3%A9mon),Sharpedo," #319
"
https://bulbapedia.bulbagarden.net/wiki/Wailmer_(Pok%C3%A9mon),Wailmer," #320
"
https://bulbapedia.bulbagarden.net/wiki/Wailord_(Pok%C3%A9mon),Wailord," #321
"
https://bulbapedia.bulbagarden.net/wiki/Numel_(Pok%C3%A9mon),Numel," #322
"
https://bulbapedia.bulbagarden.net/wiki/Camerupt_(Pok%C3%A9mon),Camerupt," #323
"
https://bulbapedia.bulbagarden.net/wiki/Torkoal_(Pok%C3%A9mon),Torkoal," #324
"
https://bulbapedia.bulbagarden.net/wiki/Spoink_(Pok%C3%A9mon),Spoink," #325
"
https://bulbapedia.bulbagarden.net/wiki/Grumpig_(Pok%C3%A9mon),Grumpig," #326
"
https://bulbapedia.bulbagarden.net/wiki/Spinda_(Pok%C3%A9mon),Spinda," #327
"
https://bulbapedia.bulbagarden.net/wiki/Trapinch_(Pok%C3%A9mon),Trapinch," #328
"
https://bulbapedia.bulbagarden.net/wiki/Vibrava_(Pok%C3%A9mon),Vibrava," #329
"
https://bulbapedia.bulbagarden.net/wiki/Flygon_(Pok%C3%A9mon),Flygon," #330
"
https://bulbapedia.bulbagarden.net/wiki/Cacnea_(Pok%C3%A9mon),Cacnea," #331
"
https://bulbapedia.bulbagarden.net/wiki/Cacturne_(Pok%C3%A9mon),Cacturne," #332
"
https://bulbapedia.bulbagarden.net/wiki/Swablu_(Pok%C3%A9mon),Swablu," #333
"
https://bulbapedia.bulbagarden.net/wiki/Altaria_(Pok%C3%A9mon),Altaria," #334
"
https://bulbapedia.bulbagarden.net/wiki/Zangoose_(Pok%C3%A9mon),Zangoose," #335
"
https://bulbapedia.bulbagarden.net/wiki/Seviper_(Pok%C3%A9mon),Seviper," #336
"
https://bulbapedia.bulbagarden.net/wiki/Lunatone_(Pok%C3%A9mon),Lunatone," #337
"
https://bulbapedia.bulbagarden.net/wiki/Solrock_(Pok%C3%A9mon),Solrock," #338
"
https://bulbapedia.bulbagarden.net/wiki/Barboach_(Pok%C3%A9mon),Barboach," #339
"
https://bulbapedia.bulbagarden.net/wiki/Whiscash_(Pok%C3%A9mon),Whiscash," #340
"
https://bulbapedia.bulbagarden.net/wiki/Corphish_(Pok%C3%A9mon),Corphish," #341
"
https://bulbapedia.bulbagarden.net/wiki/Crawdaunt_(Pok%C3%A9mon),Crawdaunt," #342
"
https://bulbapedia.bulbagarden.net/wiki/Baltoy_(Pok%C3%A9mon),Baltoy," #343
"
https://bulbapedia.bulbagarden.net/wiki/Claydol_(Pok%C3%A9mon),Claydol," #344
"
https://bulbapedia.bulbagarden.net/wiki/Lileep_(Pok%C3%A9mon),Lileep," #345
"
https://bulbapedia.bulbagarden.net/wiki/Cradily_(Pok%C3%A9mon),Cradily," #346
"
https://bulbapedia.bulbagarden.net/wiki/Anorith_(Pok%C3%A9mon),Anorith," #347
"
https://bulbapedia.bulbagarden.net/wiki/Armaldo_(Pok%C3%A9mon),Armaldo," #348
"
https://bulbapedia.bulbagarden.net/wiki/Feebas_(Pok%C3%A9mon),Feebas," #349
"
https://bulbapedia.bulbagarden.net/wiki/Milotic_(Pok%C3%A9mon),Milotic," #350
"
https://bulbapedia.bulbagarden.net/wiki/Castform_(Pok%C3%A9mon),Castform," #351
"
https://bulbapedia.bulbagarden.net/wiki/Kecleon_(Pok%C3%A9mon),Kecleon," #352
"
https://bulbapedia.bulbagarden.net/wiki/Shuppet_(Pok%C3%A9mon),Shuppet," #353
"
https://bulbapedia.bulbagarden.net/wiki/Banette_(Pok%C3%A9mon),Banette," #354
"
https://bulbapedia.bulbagarden.net/wiki/Duskull_(Pok%C3%A9mon),Duskull," #355
"
https://bulbapedia.bulbagarden.net/wiki/Dusclops_(Pok%C3%A9mon),Dusclops," #356
"
https://bulbapedia.bulbagarden.net/wiki/Tropius_(Pok%C3%A9mon),Tropius," #357
"
https://bulbapedia.bulbagarden.net/wiki/Chimecho_(Pok%C3%A9mon),Chimecho," #358
"
https://bulbapedia.bulbagarden.net/wiki/Absol_(Pok%C3%A9mon),Absol," #359
"
https://bulbapedia.bulbagarden.net/wiki/Wynaut_(Pok%C3%A9mon),Wynaut," #360
"
https://bulbapedia.bulbagarden.net/wiki/Snorunt_(Pok%C3%A9mon),Snorunt," #361
"
https://bulbapedia.bulbagarden.net/wiki/Glalie_(Pok%C3%A9mon),Glalie," #362
"
https://bulbapedia.bulbagarden.net/wiki/Spheal_(Pok%C3%A9mon),Spheal," #363
"
https://bulbapedia.bulbagarden.net/wiki/Sealeo_(Pok%C3%A9mon),Sealeo," #364
"
https://bulbapedia.bulbagarden.net/wiki/Walrein_(Pok%C3%A9mon),Walrein," #365
"
https://bulbapedia.bulbagarden.net/wiki/Clamperl_(Pok%C3%A9mon),Clamperl," #366
"
https://bulbapedia.bulbagarden.net/wiki/Huntail_(Pok%C3%A9mon),Huntail," #367
"
https://bulbapedia.bulbagarden.net/wiki/Gorebyss_(Pok%C3%A9mon),Gorebyss," #368
"
https://bulbapedia.bulbagarden.net/wiki/Relicanth_(Pok%C3%A9mon),Relicanth," #369
"
https://bulbapedia.bulbagarden.net/wiki/Luvdisc_(Pok%C3%A9mon),Luvdisc," #370
"
https://bulbapedia.bulbagarden.net/wiki/Bagon_(Pok%C3%A9mon),Bagon," #371
"
https://bulbapedia.bulbagarden.net/wiki/Shelgon_(Pok%C3%A9mon),Shelgon," #372
"
https://bulbapedia.bulbagarden.net/wiki/Salamence_(Pok%C3%A9mon),Salamence," #373
"
https://bulbapedia.bulbagarden.net/wiki/Beldum_(Pok%C3%A9mon),Beldum," #374
"
https://bulbapedia.bulbagarden.net/wiki/Metang_(Pok%C3%A9mon),Metang," #375
"
https://bulbapedia.bulbagarden.net/wiki/Metagross_(Pok%C3%A9mon),Metagross," #376
"
https://bulbapedia.bulbagarden.net/wiki/Regirock_(Pok%C3%A9mon),Regirock," #377
"
https://bulbapedia.bulbagarden.net/wiki/Regice_(Pok%C3%A9mon),Regice," #378
"
https://bulbapedia.bulbagarden.net/wiki/Registeel_(Pok%C3%A9mon),Registeel," #379
"
https://bulbapedia.bulbagarden.net/wiki/Latias_(Pok%C3%A9mon),Latias," #380
"
https://bulbapedia.bulbagarden.net/wiki/Latios_(Pok%C3%A9mon),Latios," #381
"
https://bulbapedia.bulbagarden.net/wiki/Kyogre_(Pok%C3%A9mon),Kyogre," #382
"
https://bulbapedia.bulbagarden.net/wiki/Groudon_(Pok%C3%A9mon),Groudon," #383
"
https://bulbapedia.bulbagarden.net/wiki/Rayquaza_(Pok%C3%A9mon),Rayquaza," #384
"
https://bulbapedia.bulbagarden.net/wiki/Jirachi_(Pok%C3%A9mon),Jirachi," #385
"
https://bulbapedia.bulbagarden.net/wiki/Deoxys_(Pok%C3%A9mon),Deoxys," #386
"
https://bulbapedia.bulbagarden.net/wiki/Turtwig_(Pok%C3%A9mon),Turtwig," #387
"
https://bulbapedia.bulbagarden.net/wiki/Grotle_(Pok%C3%A9mon),Grotle," #388
"
https://bulbapedia.bulbagarden.net/wiki/Torterra_(Pok%C3%A9mon),Torterra," #389
"
https://bulbapedia.bulbagarden.net/wiki/Chimchar_(Pok%C3%A9mon),Chimchar," #390
"
https://bulbapedia.bulbagarden.net/wiki/Monferno_(Pok%C3%A9mon),Monferno," #391
"
https://bulbapedia.bulbagarden.net/wiki/Infernape_(Pok%C3%A9mon),Infernape," #392
"
https://bulbapedia.bulbagarden.net/wiki/Piplup_(Pok%C3%A9mon),Piplup," #393
"
https://bulbapedia.bulbagarden.net/wiki/Prinplup_(Pok%C3%A9mon),Prinplup," #394
"
https://bulbapedia.bulbagarden.net/wiki/Empoleon_(Pok%C3%A9mon),Empoleon," #395
"
https://bulbapedia.bulbagarden.net/wiki/Starly_(Pok%C3%A9mon),Starly," #396
"
https://bulbapedia.bulbagarden.net/wiki/Staravia_(Pok%C3%A9mon),Staravia," #397
"
https://bulbapedia.bulbagarden.net/wiki/Staraptor_(Pok%C3%A9mon),Staraptor," #398
"
https://bulbapedia.bulbagarden.net/wiki/Bidoof_(Pok%C3%A9mon),Bidoof," #399
"
https://bulbapedia.bulbagarden.net/wiki/Bibarel_(Pok%C3%A9mon),Bibarel," #400
"
https://bulbapedia.bulbagarden.net/wiki/Kricketot_(Pok%C3%A9mon),Kricketot," #401
"
https://bulbapedia.bulbagarden.net/wiki/Kricketune_(Pok%C3%A9mon),Kricketune," #402
"
https://bulbapedia.bulbagarden.net/wiki/Shinx_(Pok%C3%A9mon),Shinx," #403
"
https://bulbapedia.bulbagarden.net/wiki/Luxio_(Pok%C3%A9mon),Luxio," #404
"
https://bulbapedia.bulbagarden.net/wiki/Luxray_(Pok%C3%A9mon),Luxray," #405
"
https://bulbapedia.bulbagarden.net/wiki/Budew_(Pok%C3%A9mon),Budew," #406
"
https://bulbapedia.bulbagarden.net/wiki/Roserade_(Pok%C3%A9mon),Roserade," #407
"
https://bulbapedia.bulbagarden.net/wiki/Cranidos_(Pok%C3%A9mon),Cranidos," #408
"
https://bulbapedia.bulbagarden.net/wiki/Rampardos_(Pok%C3%A9mon),Rampardos," #409
"
https://bulbapedia.bulbagarden.net/wiki/Shieldon_(Pok%C3%A9mon),Shieldon," #410
"
https://bulbapedia.bulbagarden.net/wiki/Bastiodon_(Pok%C3%A9mon),Bastiodon," #411
"
https://bulbapedia.bulbagarden.net/wiki/Burmy_(Pok%C3%A9mon),Burmy," #412
"
https://bulbapedia.bulbagarden.net/wiki/Wormadam_(Pok%C3%A9mon),Wormadam," #413
"
https://bulbapedia.bulbagarden.net/wiki/Mothim_(Pok%C3%A9mon),Mothim," #414
"
https://bulbapedia.bulbagarden.net/wiki/Combee_(Pok%C3%A9mon),Combee," #415
"
https://bulbapedia.bulbagarden.net/wiki/Vespiquen_(Pok%C3%A9mon),Vespiquen," #416
"
https://bulbapedia.bulbagarden.net/wiki/Pachirisu_(Pok%C3%A9mon),Pachirisu," #417
"
https://bulbapedia.bulbagarden.net/wiki/Buizel_(Pok%C3%A9mon),Buizel," #418
"
https://bulbapedia.bulbagarden.net/wiki/Floatzel_(Pok%C3%A9mon),Floatzel," #419
"
https://bulbapedia.bulbagarden.net/wiki/Cherubi_(Pok%C3%A9mon),Cherubi," #420
"
https://bulbapedia.bulbagarden.net/wiki/Cherrim_(Pok%C3%A9mon),Cherrim," #421
"
https://bulbapedia.bulbagarden.net/wiki/Shellos_(Pok%C3%A9mon),Shellos," #422
"
https://bulbapedia.bulbagarden.net/wiki/Gastrodon_(Pok%C3%A9mon),Gastrodon," #423
"
https://bulbapedia.bulbagarden.net/wiki/Ambipom_(Pok%C3%A9mon),Ambipom," #424
"
https://bulbapedia.bulbagarden.net/wiki/Drifloon_(Pok%C3%A9mon),Drifloon," #425
"
https://bulbapedia.bulbagarden.net/wiki/Drifblim_(Pok%C3%A9mon),Drifblim," #426
"
https://bulbapedia.bulbagarden.net/wiki/Buneary_(Pok%C3%A9mon),Buneary," #427
"
https://bulbapedia.bulbagarden.net/wiki/Lopunny_(Pok%C3%A9mon),Lopunny," #428
"
https://bulbapedia.bulbagarden.net/wiki/Mismagius_(Pok%C3%A9mon),Mismagius," #429
"
https://bulbapedia.bulbagarden.net/wiki/Honchkrow_(Pok%C3%A9mon),Honchkrow," #430
"
https://bulbapedia.bulbagarden.net/wiki/Glameow_(Pok%C3%A9mon),Glameow," #431
"
https://bulbapedia.bulbagarden.net/wiki/Purugly_(Pok%C3%A9mon),Purugly," #432
"
https://bulbapedia.bulbagarden.net/wiki/Chingling_(Pok%C3%A9mon),Chingling," #433
"
https://bulbapedia.bulbagarden.net/wiki/Stunky_(Pok%C3%A9mon),Stunky," #434
"
https://bulbapedia.bulbagarden.net/wiki/Skuntank_(Pok%C3%A9mon),Skuntank," #435
"
https://bulbapedia.bulbagarden.net/wiki/Bronzor_(Pok%C3%A9mon),Bronzor," #436
"
https://bulbapedia.bulbagarden.net/wiki/Bronzong_(Pok%C3%A9mon),Bronzong," #437
"
https://bulbapedia.bulbagarden.net/wiki/Bonsly_(Pok%C3%A9mon),Bonsly," #438
"
https://bulbapedia.bulbagarden.net/wiki/Mime_Jr._(Pok%C3%A9mon),Mime Jr.," #439
"
https://bulbapedia.bulbagarden.net/wiki/Happiny_(Pok%C3%A9mon),Happiny," #440
"
https://bulbapedia.bulbagarden.net/wiki/Chatot_(Pok%C3%A9mon),Chatot," #441
"
https://bulbapedia.bulbagarden.net/wiki/Spiritomb_(Pok%C3%A9mon),Spiritomb," #442
"
https://bulbapedia.bulbagarden.net/wiki/Gible_(Pok%C3%A9mon),Gible," #443
"
https://bulbapedia.bulbagarden.net/wiki/Gabite_(Pok%C3%A9mon),Gabite," #444
"
https://bulbapedia.bulbagarden.net/wiki/Garchomp_(Pok%C3%A9mon),Garchomp," #445
"
https://bulbapedia.bulbagarden.net/wiki/Munchlax_(Pok%C3%A9mon),Munchlax," #446
"
https://bulbapedia.bulbagarden.net/wiki/Riolu_(Pok%C3%A9mon),Riolu," #447
"
https://bulbapedia.bulbagarden.net/wiki/Lucario_(Pok%C3%A9mon),Lucario," #448
"
https://bulbapedia.bulbagarden.net/wiki/Hippopotas_(Pok%C3%A9mon),Hippopotas," #449
"
https://bulbapedia.bulbagarden.net/wiki/Hippowdon_(Pok%C3%A9mon),Hippowdon," #450
"
https://bulbapedia.bulbagarden.net/wiki/Skorupi_(Pok%C3%A9mon),Skorupi," #451
"
https://bulbapedia.bulbagarden.net/wiki/Drapion_(Pok%C3%A9mon),Drapion," #452
"
https://bulbapedia.bulbagarden.net/wiki/Croagunk_(Pok%C3%A9mon),Croagunk," #453
"
https://bulbapedia.bulbagarden.net/wiki/Toxicroak_(Pok%C3%A9mon),Toxicroak," #454
"
https://bulbapedia.bulbagarden.net/wiki/Carnivine_(Pok%C3%A9mon),Carnivine," #455
"
https://bulbapedia.bulbagarden.net/wiki/Finneon_(Pok%C3%A9mon),Finneon," #456
"
https://bulbapedia.bulbagarden.net/wiki/Lumineon_(Pok%C3%A9mon),Lumineon," #457
"
https://bulbapedia.bulbagarden.net/wiki/Mantyke_(Pok%C3%A9mon),Mantyke," #458
"
https://bulbapedia.bulbagarden.net/wiki/Snover_(Pok%C3%A9mon),Snover," #459
"
https://bulbapedia.bulbagarden.net/wiki/Abomasnow_(Pok%C3%A9mon),Abomasnow," #460
"
https://bulbapedia.bulbagarden.net/wiki/Weavile_(Pok%C3%A9mon),Weavile," #461
"
https://bulbapedia.bulbagarden.net/wiki/Magnezone_(Pok%C3%A9mon),Magnezone," #462
"
https://bulbapedia.bulbagarden.net/wiki/Lickilicky_(Pok%C3%A9mon),Lickilicky," #463
"
https://bulbapedia.bulbagarden.net/wiki/Rhyperior_(Pok%C3%A9mon),Rhyperior," #464
"
https://bulbapedia.bulbagarden.net/wiki/Tangrowth_(Pok%C3%A9mon),Tangrowth," #465
"
https://bulbapedia.bulbagarden.net/wiki/Electivire_(Pok%C3%A9mon),Electivire," #466
"
https://bulbapedia.bulbagarden.net/wiki/Magmortar_(Pok%C3%A9mon),Magmortar," #467
"
https://bulbapedia.bulbagarden.net/wiki/Togekiss_(Pok%C3%A9mon),Togekiss," #468
"
https://bulbapedia.bulbagarden.net/wiki/Yanmega_(Pok%C3%A9mon),Yanmega," #469
"
https://bulbapedia.bulbagarden.net/wiki/Leafeon_(Pok%C3%A9mon),Leafeon," #470
"
https://bulbapedia.bulbagarden.net/wiki/Glaceon_(Pok%C3%A9mon),Glaceon," #471
"
https://bulbapedia.bulbagarden.net/wiki/Gliscor_(Pok%C3%A9mon),Gliscor," #472
"
https://bulbapedia.bulbagarden.net/wiki/Mamoswine_(Pok%C3%A9mon),Mamoswine," #473
"
https://bulbapedia.bulbagarden.net/wiki/Porygon-Z_(Pok%C3%A9mon),Porygon-Z," #474
"
https://bulbapedia.bulbagarden.net/wiki/Gallade_(Pok%C3%A9mon),Gallade," #475
"
https://bulbapedia.bulbagarden.net/wiki/Probopass_(Pok%C3%A9mon),Probopass," #476
"
https://bulbapedia.bulbagarden.net/wiki/Dusknoir_(Pok%C3%A9mon),Dusknoir," #477
"
https://bulbapedia.bulbagarden.net/wiki/Froslass_(Pok%C3%A9mon),Froslass," #478
"
https://bulbapedia.bulbagarden.net/wiki/Rotom_(Pok%C3%A9mon),Rotom," #479
"
https://bulbapedia.bulbagarden.net/wiki/Uxie_(Pok%C3%A9mon),Uxie," #480
"
https://bulbapedia.bulbagarden.net/wiki/Mesprit_(Pok%C3%A9mon),Mesprit," #481
"
https://bulbapedia.bulbagarden.net/wiki/Azelf_(Pok%C3%A9mon),Azelf," #482
"
https://bulbapedia.bulbagarden.net/wiki/Dialga_(Pok%C3%A9mon),Dialga," #483
"
https://bulbapedia.bulbagarden.net/wiki/Palkia_(Pok%C3%A9mon),Palkia," #484
"
https://bulbapedia.bulbagarden.net/wiki/Heatran_(Pok%C3%A9mon),Heatran," #485
"
https://bulbapedia.bulbagarden.net/wiki/Regigigas_(Pok%C3%A9mon),Regigigas," #486
"
https://bulbapedia.bulbagarden.net/wiki/Giratina_(Pok%C3%A9mon),Giratina," #487
"
https://bulbapedia.bulbagarden.net/wiki/Cresselia_(Pok%C3%A9mon),Cresselia," #488
"
https://bulbapedia.bulbagarden.net/wiki/Phione_(Pok%C3%A9mon),Phione," #489
"
https://bulbapedia.bulbagarden.net/wiki/Manaphy_(Pok%C3%A9mon),Manaphy," #490
"
https://bulbapedia.bulbagarden.net/wiki/Darkrai_(Pok%C3%A9mon),Darkrai," #491
"
https://bulbapedia.bulbagarden.net/wiki/Shaymin_(Pok%C3%A9mon),Shaymin," #492
"
https://bulbapedia.bulbagarden.net/wiki/Arceus_(Pok%C3%A9mon),Arceus," #493
"
https://bulbapedia.bulbagarden.net/wiki/Victini_(Pok%C3%A9mon),Victini," #494
"
https://bulbapedia.bulbagarden.net/wiki/Snivy_(Pok%C3%A9mon),Snivy," #495
"
https://bulbapedia.bulbagarden.net/wiki/Servine_(Pok%C3%A9mon),Servine," #496
"
https://bulbapedia.bulbagarden.net/wiki/Serperior_(Pok%C3%A9mon),Serperior," #497
"
https://bulbapedia.bulbagarden.net/wiki/Tepig_(Pok%C3%A9mon),Tepig," #498
"
https://bulbapedia.bulbagarden.net/wiki/Pignite_(Pok%C3%A9mon),Pignite," #499
"
https://bulbapedia.bulbagarden.net/wiki/Emboar_(Pok%C3%A9mon),Emboar," #500
"
https://bulbapedia.bulbagarden.net/wiki/Oshawott_(Pok%C3%A9mon),Oshawott," #501
"
https://bulbapedia.bulbagarden.net/wiki/Dewott_(Pok%C3%A9mon),Dewott," #502
"
https://bulbapedia.bulbagarden.net/wiki/Samurott_(Pok%C3%A9mon),Samurott," #503
"
https://bulbapedia.bulbagarden.net/wiki/Patrat_(Pok%C3%A9mon),Patrat," #504
"
https://bulbapedia.bulbagarden.net/wiki/Watchog_(Pok%C3%A9mon),Watchog," #505
"
https://bulbapedia.bulbagarden.net/wiki/Lillipup_(Pok%C3%A9mon),Lillipup," #506
"
https://bulbapedia.bulbagarden.net/wiki/Herdier_(Pok%C3%A9mon),Herdier," #507
"
https://bulbapedia.bulbagarden.net/wiki/Stoutland_(Pok%C3%A9mon),Stoutland," #508
"
https://bulbapedia.bulbagarden.net/wiki/Purrloin_(Pok%C3%A9mon),Purrloin," #509
"
https://bulbapedia.bulbagarden.net/wiki/Liepard_(Pok%C3%A9mon),Liepard," #510
"
https://bulbapedia.bulbagarden.net/wiki/Pansage_(Pok%C3%A9mon),Pansage," #511
"
https://bulbapedia.bulbagarden.net/wiki/Simisage_(Pok%C3%A9mon),Simisage," #512
"
https://bulbapedia.bulbagarden.net/wiki/Pansear_(Pok%C3%A9mon),Pansear," #513
"
https://bulbapedia.bulbagarden.net/wiki/Simisear_(Pok%C3%A9mon),Simisear," #514
"
https://bulbapedia.bulbagarden.net/wiki/Panpour_(Pok%C3%A9mon),Panpour," #515
"
https://bulbapedia.bulbagarden.net/wiki/Simipour_(Pok%C3%A9mon),Simipour," #516
"
https://bulbapedia.bulbagarden.net/wiki/Munna_(Pok%C3%A9mon),Munna," #517
"
https://bulbapedia.bulbagarden.net/wiki/Musharna_(Pok%C3%A9mon),Musharna," #518
"
https://bulbapedia.bulbagarden.net/wiki/Pidove_(Pok%C3%A9mon),Pidove," #519
"
https://bulbapedia.bulbagarden.net/wiki/Tranquill_(Pok%C3%A9mon),Tranquill," #520
"
https://bulbapedia.bulbagarden.net/wiki/Unfezant_(Pok%C3%A9mon),Unfezant," #521
"
https://bulbapedia.bulbagarden.net/wiki/Blitzle_(Pok%C3%A9mon),Blitzle," #522
"
https://bulbapedia.bulbagarden.net/wiki/Zebstrika_(Pok%C3%A9mon),Zebstrika," #523
"
https://bulbapedia.bulbagarden.net/wiki/Roggenrola_(Pok%C3%A9mon),Roggenrola," #524
"
https://bulbapedia.bulbagarden.net/wiki/Boldore_(Pok%C3%A9mon),Boldore," #525
"
https://bulbapedia.bulbagarden.net/wiki/Gigalith_(Pok%C3%A9mon),Gigalith," #526
"
https://bulbapedia.bulbagarden.net/wiki/Woobat_(Pok%C3%A9mon),Woobat," #527
"
https://bulbapedia.bulbagarden.net/wiki/Swoobat_(Pok%C3%A9mon),Swoobat," #528
"
https://bulbapedia.bulbagarden.net/wiki/Drilbur_(Pok%C3%A9mon),Drilbur," #529
"
https://bulbapedia.bulbagarden.net/wiki/Excadrill_(Pok%C3%A9mon),Excadrill," #530
"
https://bulbapedia.bulbagarden.net/wiki/Audino_(Pok%C3%A9mon),Audino," #531
"
https://bulbapedia.bulbagarden.net/wiki/Timburr_(Pok%C3%A9mon),Timburr," #532
"
https://bulbapedia.bulbagarden.net/wiki/Gurdurr_(Pok%C3%A9mon),Gurdurr," #533
"
https://bulbapedia.bulbagarden.net/wiki/Conkeldurr_(Pok%C3%A9mon),Conkeldurr," #534
"
https://bulbapedia.bulbagarden.net/wiki/Tympole_(Pok%C3%A9mon),Tympole," #535
"
https://bulbapedia.bulbagarden.net/wiki/Palpitoad_(Pok%C3%A9mon),Palpitoad," #536
"
https://bulbapedia.bulbagarden.net/wiki/Seismitoad_(Pok%C3%A9mon),Seismitoad," #537
"
https://bulbapedia.bulbagarden.net/wiki/Throh_(Pok%C3%A9mon),Throh," #538
"
https://bulbapedia.bulbagarden.net/wiki/Sawk_(Pok%C3%A9mon),Sawk," #539
"
https://bulbapedia.bulbagarden.net/wiki/Sewaddle_(Pok%C3%A9mon),Sewaddle," #540
"
https://bulbapedia.bulbagarden.net/wiki/Swadloon_(Pok%C3%A9mon),Swadloon," #541
"
https://bulbapedia.bulbagarden.net/wiki/Leavanny_(Pok%C3%A9mon),Leavanny," #542
"
https://bulbapedia.bulbagarden.net/wiki/Venipede_(Pok%C3%A9mon),Venipede," #543
"
https://bulbapedia.bulbagarden.net/wiki/Whirlipede_(Pok%C3%A9mon),Whirlipede," #544
"
https://bulbapedia.bulbagarden.net/wiki/Scolipede_(Pok%C3%A9mon),Scolipede," #545
"
https://bulbapedia.bulbagarden.net/wiki/Cottonee_(Pok%C3%A9mon),Cottonee," #546
"
https://bulbapedia.bulbagarden.net/wiki/Whimsicott_(Pok%C3%A9mon),Whimsicott," #547
"
https://bulbapedia.bulbagarden.net/wiki/Petilil_(Pok%C3%A9mon),Petilil," #548
"
https://bulbapedia.bulbagarden.net/wiki/Lilligant_(Pok%C3%A9mon),Lilligant," #549
"
https://bulbapedia.bulbagarden.net/wiki/Basculin_(Pok%C3%A9mon),Basculin," #550
"
https://bulbapedia.bulbagarden.net/wiki/Sandile_(Pok%C3%A9mon),Sandile," #551
"
https://bulbapedia.bulbagarden.net/wiki/Krokorok_(Pok%C3%A9mon),Krokorok," #552
"
https://bulbapedia.bulbagarden.net/wiki/Krookodile_(Pok%C3%A9mon),Krookodile," #553
"
https://bulbapedia.bulbagarden.net/wiki/Darumaka_(Pok%C3%A9mon),Darumaka," #554
"
https://bulbapedia.bulbagarden.net/wiki/Darmanitan_(Pok%C3%A9mon),Darmanitan," #555
"
https://bulbapedia.bulbagarden.net/wiki/Maractus_(Pok%C3%A9mon),Maractus," #556
"
https://bulbapedia.bulbagarden.net/wiki/Dwebble_(Pok%C3%A9mon),Dwebble," #557
"
https://bulbapedia.bulbagarden.net/wiki/Crustle_(Pok%C3%A9mon),Crustle," #558
"
https://bulbapedia.bulbagarden.net/wiki/Scraggy_(Pok%C3%A9mon),Scraggy," #559
"
https://bulbapedia.bulbagarden.net/wiki/Scrafty_(Pok%C3%A9mon),Scrafty," #560
"
https://bulbapedia.bulbagarden.net/wiki/Sigilyph_(Pok%C3%A9mon),Sigilyph," #561
"
https://bulbapedia.bulbagarden.net/wiki/Yamask_(Pok%C3%A9mon),Yamask," #562
"
https://bulbapedia.bulbagarden.net/wiki/Cofagrigus_(Pok%C3%A9mon),Cofagrigus," #563
"
https://bulbapedia.bulbagarden.net/wiki/Tirtouga_(Pok%C3%A9mon),Tirtouga," #564
"
https://bulbapedia.bulbagarden.net/wiki/Carracosta_(Pok%C3%A9mon),Carracosta," #565
"
https://bulbapedia.bulbagarden.net/wiki/Archen_(Pok%C3%A9mon),Archen," #566
"
https://bulbapedia.bulbagarden.net/wiki/Archeops_(Pok%C3%A9mon),Archeops," #567
"
https://bulbapedia.bulbagarden.net/wiki/Trubbish_(Pok%C3%A9mon),Trubbish," #568
"
https://bulbapedia.bulbagarden.net/wiki/Garbodor_(Pok%C3%A9mon),Garbodor," #569
"
https://bulbapedia.bulbagarden.net/wiki/Zorua_(Pok%C3%A9mon),Zorua," #570
"
https://bulbapedia.bulbagarden.net/wiki/Zoroark_(Pok%C3%A9mon),Zoroark," #571
"
https://bulbapedia.bulbagarden.net/wiki/Minccino_(Pok%C3%A9mon),Minccino," #572
"
https://bulbapedia.bulbagarden.net/wiki/Cinccino_(Pok%C3%A9mon),Cinccino," #573
"
https://bulbapedia.bulbagarden.net/wiki/Gothita_(Pok%C3%A9mon),Gothita," #574
"
https://bulbapedia.bulbagarden.net/wiki/Gothorita_(Pok%C3%A9mon),Gothorita," #575
"
https://bulbapedia.bulbagarden.net/wiki/Gothitelle_(Pok%C3%A9mon),Gothitelle," #576
"
https://bulbapedia.bulbagarden.net/wiki/Solosis_(Pok%C3%A9mon),Solosis," #577
"
https://bulbapedia.bulbagarden.net/wiki/Duosion_(Pok%C3%A9mon),Duosion," #578
"
https://bulbapedia.bulbagarden.net/wiki/Reuniclus_(Pok%C3%A9mon),Reuniclus," #579
"
https://bulbapedia.bulbagarden.net/wiki/Ducklett_(Pok%C3%A9mon),Ducklett," #580
"
https://bulbapedia.bulbagarden.net/wiki/Swanna_(Pok%C3%A9mon),Swanna," #581
"
https://bulbapedia.bulbagarden.net/wiki/Vanillite_(Pok%C3%A9mon),Vanillite," #582
"
https://bulbapedia.bulbagarden.net/wiki/Vanillish_(Pok%C3%A9mon),Vanillish," #583
"
https://bulbapedia.bulbagarden.net/wiki/Vanilluxe_(Pok%C3%A9mon),Vanilluxe," #584
"
https://bulbapedia.bulbagarden.net/wiki/Deerling_(Pok%C3%A9mon),Deerling," #585
"
https://bulbapedia.bulbagarden.net/wiki/Sawsbuck_(Pok%C3%A9mon),Sawsbuck," #586
"
https://bulbapedia.bulbagarden.net/wiki/Emolga_(Pok%C3%A9mon),Emolga," #587
"
https://bulbapedia.bulbagarden.net/wiki/Karrablast_(Pok%C3%A9mon),Karrablast," #588
"
https://bulbapedia.bulbagarden.net/wiki/Escavalier_(Pok%C3%A9mon),Escavalier," #589
"
https://bulbapedia.bulbagarden.net/wiki/Foongus_(Pok%C3%A9mon),Foongus," #590
"
https://bulbapedia.bulbagarden.net/wiki/Amoonguss_(Pok%C3%A9mon),Amoonguss," #591
"
https://bulbapedia.bulbagarden.net/wiki/Frillish_(Pok%C3%A9mon),Frillish," #592
"
https://bulbapedia.bulbagarden.net/wiki/Jellicent_(Pok%C3%A9mon),Jellicent," #593
"
https://bulbapedia.bulbagarden.net/wiki/Alomomola_(Pok%C3%A9mon),Alomomola," #594
"
https://bulbapedia.bulbagarden.net/wiki/Joltik_(Pok%C3%A9mon),Joltik," #595
"
https://bulbapedia.bulbagarden.net/wiki/Galvantula_(Pok%C3%A9mon),Galvantula," #596
"
https://bulbapedia.bulbagarden.net/wiki/Ferroseed_(Pok%C3%A9mon),Ferroseed," #597
"
https://bulbapedia.bulbagarden.net/wiki/Ferrothorn_(Pok%C3%A9mon),Ferrothorn," #598
"
https://bulbapedia.bulbagarden.net/wiki/Klink_(Pok%C3%A9mon),Klink," #599
"
https://bulbapedia.bulbagarden.net/wiki/Klang_(Pok%C3%A9mon),Klang," #600
"
https://bulbapedia.bulbagarden.net/wiki/Klinklang_(Pok%C3%A9mon),Klinklang," #601
"
https://bulbapedia.bulbagarden.net/wiki/Tynamo_(Pok%C3%A9mon),Tynamo," #602
"
https://bulbapedia.bulbagarden.net/wiki/Eelektrik_(Pok%C3%A9mon),Eelektrik," #603
"
https://bulbapedia.bulbagarden.net/wiki/Eelektross_(Pok%C3%A9mon),Eelektross," #604
"
https://bulbapedia.bulbagarden.net/wiki/Elgyem_(Pok%C3%A9mon),Elgyem," #605
"
https://bulbapedia.bulbagarden.net/wiki/Beheeyem_(Pok%C3%A9mon),Beheeyem," #606
"
https://bulbapedia.bulbagarden.net/wiki/Litwick_(Pok%C3%A9mon),Litwick," #607
"
https://bulbapedia.bulbagarden.net/wiki/Lampent_(Pok%C3%A9mon),Lampent," #608
"
https://bulbapedia.bulbagarden.net/wiki/Chandelure_(Pok%C3%A9mon),Chandelure," #609
"
https://bulbapedia.bulbagarden.net/wiki/Axew_(Pok%C3%A9mon),Axew," #610
"
https://bulbapedia.bulbagarden.net/wiki/Fraxure_(Pok%C3%A9mon),Fraxure," #611
"
https://bulbapedia.bulbagarden.net/wiki/Haxorus_(Pok%C3%A9mon),Haxorus," #612
"
https://bulbapedia.bulbagarden.net/wiki/Cubchoo_(Pok%C3%A9mon),Cubchoo," #613
"
https://bulbapedia.bulbagarden.net/wiki/Beartic_(Pok%C3%A9mon),Beartic," #614
"
https://bulbapedia.bulbagarden.net/wiki/Cryogonal_(Pok%C3%A9mon),Cryogonal," #615
"
https://bulbapedia.bulbagarden.net/wiki/Shelmet_(Pok%C3%A9mon),Shelmet," #616
"
https://bulbapedia.bulbagarden.net/wiki/Accelgor_(Pok%C3%A9mon),Accelgor," #617
"
https://bulbapedia.bulbagarden.net/wiki/Stunfisk_(Pok%C3%A9mon),Stunfisk," #618
"
https://bulbapedia.bulbagarden.net/wiki/Mienfoo_(Pok%C3%A9mon),Mienfoo," #619
"
https://bulbapedia.bulbagarden.net/wiki/Mienshao_(Pok%C3%A9mon),Mienshao," #620
"
https://bulbapedia.bulbagarden.net/wiki/Druddigon_(Pok%C3%A9mon),Druddigon," #621
"
https://bulbapedia.bulbagarden.net/wiki/Golett_(Pok%C3%A9mon),Golett," #622
"
https://bulbapedia.bulbagarden.net/wiki/Golurk_(Pok%C3%A9mon),Golurk," #623
"
https://bulbapedia.bulbagarden.net/wiki/Pawniard_(Pok%C3%A9mon),Pawniard," #624
"
https://bulbapedia.bulbagarden.net/wiki/Bisharp_(Pok%C3%A9mon),Bisharp," #625
"
https://bulbapedia.bulbagarden.net/wiki/Bouffalant_(Pok%C3%A9mon),Bouffalant," #626
"
https://bulbapedia.bulbagarden.net/wiki/Rufflet_(Pok%C3%A9mon),Rufflet," #627
"
https://bulbapedia.bulbagarden.net/wiki/Braviary_(Pok%C3%A9mon),Braviary," #628
"
https://bulbapedia.bulbagarden.net/wiki/Vullaby_(Pok%C3%A9mon),Vullaby," #629
"
https://bulbapedia.bulbagarden.net/wiki/Mandibuzz_(Pok%C3%A9mon),Mandibuzz," #630
"
https://bulbapedia.bulbagarden.net/wiki/Heatmor_(Pok%C3%A9mon),Heatmor," #631
"
https://bulbapedia.bulbagarden.net/wiki/Durant_(Pok%C3%A9mon),Durant," #632
"
https://bulbapedia.bulbagarden.net/wiki/Deino_(Pok%C3%A9mon),Deino," #633
"
https://bulbapedia.bulbagarden.net/wiki/Zweilous_(Pok%C3%A9mon),Zweilous," #634
"
https://bulbapedia.bulbagarden.net/wiki/Hydreigon_(Pok%C3%A9mon),Hydreigon," #635
"
https://bulbapedia.bulbagarden.net/wiki/Larvesta_(Pok%C3%A9mon),Larvesta," #636
"
https://bulbapedia.bulbagarden.net/wiki/Volcarona_(Pok%C3%A9mon),Volcarona," #637
"
https://bulbapedia.bulbagarden.net/wiki/Cobalion_(Pok%C3%A9mon),Cobalion," #638
"
https://bulbapedia.bulbagarden.net/wiki/Terrakion_(Pok%C3%A9mon),Terrakion," #639
"
https://bulbapedia.bulbagarden.net/wiki/Virizion_(Pok%C3%A9mon),Virizion," #640
"
https://bulbapedia.bulbagarden.net/wiki/Tornadus_(Pok%C3%A9mon),Tornadus," #641
"
https://bulbapedia.bulbagarden.net/wiki/Thundurus_(Pok%C3%A9mon),Thundurus," #642
"
https://bulbapedia.bulbagarden.net/wiki/Reshiram_(Pok%C3%A9mon),Reshiram," #643
"
https://bulbapedia.bulbagarden.net/wiki/Zekrom_(Pok%C3%A9mon),Zekrom," #644
"
https://bulbapedia.bulbagarden.net/wiki/Landorus_(Pok%C3%A9mon),Landorus," #645
"
https://bulbapedia.bulbagarden.net/wiki/Kyurem_(Pok%C3%A9mon),Kyurem," #646
"
https://bulbapedia.bulbagarden.net/wiki/Keldeo_(Pok%C3%A9mon),Keldeo," #647
"
https://bulbapedia.bulbagarden.net/wiki/Meloetta_(Pok%C3%A9mon),Meloetta," #648
"
https://bulbapedia.bulbagarden.net/wiki/Genesect_(Pok%C3%A9mon),Genesect," #649
"
https://bulbapedia.bulbagarden.net/wiki/Chespin_(Pok%C3%A9mon),Chespin," #650
"
https://bulbapedia.bulbagarden.net/wiki/Quilladin_(Pok%C3%A9mon),Quilladin," #651
"
https://bulbapedia.bulbagarden.net/wiki/Chesnaught_(Pok%C3%A9mon),Chesnaught," #652
"
https://bulbapedia.bulbagarden.net/wiki/Fennekin_(Pok%C3%A9mon),Fennekin," #653
"
https://bulbapedia.bulbagarden.net/wiki/Braixen_(Pok%C3%A9mon),Braixen," #654
"
https://bulbapedia.bulbagarden.net/wiki/Delphox_(Pok%C3%A9mon),Delphox," #655
"
https://bulbapedia.bulbagarden.net/wiki/Froakie_(Pok%C3%A9mon),Froakie," #656
"
https://bulbapedia.bulbagarden.net/wiki/Frogadier_(Pok%C3%A9mon),Frogadier," #657
"
https://bulbapedia.bulbagarden.net/wiki/Greninja_(Pok%C3%A9mon),Greninja," #658
"
https://bulbapedia.bulbagarden.net/wiki/Bunnelby_(Pok%C3%A9mon),Bunnelby," #659
"
https://bulbapedia.bulbagarden.net/wiki/Diggersby_(Pok%C3%A9mon),Diggersby," #660
"
https://bulbapedia.bulbagarden.net/wiki/Fletchling_(Pok%C3%A9mon),Fletchling," #661
"
https://bulbapedia.bulbagarden.net/wiki/Fletchinder_(Pok%C3%A9mon),Fletchinder," #662
"
https://bulbapedia.bulbagarden.net/wiki/Talonflame_(Pok%C3%A9mon),Talonflame," #663
"
https://bulbapedia.bulbagarden.net/wiki/Scatterbug_(Pok%C3%A9mon),Scatterbug," #664
"
https://bulbapedia.bulbagarden.net/wiki/Spewpa_(Pok%C3%A9mon),Spewpa," #665
"
https://bulbapedia.bulbagarden.net/wiki/Vivillon_(Pok%C3%A9mon),Vivillon," #666
"
https://bulbapedia.bulbagarden.net/wiki/Litleo_(Pok%C3%A9mon),Litleo," #667
"
https://bulbapedia.bulbagarden.net/wiki/Pyroar_(Pok%C3%A9mon),Pyroar," #668
"
https://bulbapedia.bulbagarden.net/wiki/Flab%C3%A9b%C3%A9_(Pok%C3%A9mon),Flabébé," #669
"
https://bulbapedia.bulbagarden.net/wiki/Floette_(Pok%C3%A9mon),Floette," #670
"
https://bulbapedia.bulbagarden.net/wiki/Florges_(Pok%C3%A9mon),Florges," #671
"
https://bulbapedia.bulbagarden.net/wiki/Skiddo_(Pok%C3%A9mon),Skiddo," #672
"
https://bulbapedia.bulbagarden.net/wiki/Gogoat_(Pok%C3%A9mon),Gogoat," #673
"
https://bulbapedia.bulbagarden.net/wiki/Pancham_(Pok%C3%A9mon),Pancham," #674
"
https://bulbapedia.bulbagarden.net/wiki/Pangoro_(Pok%C3%A9mon),Pangoro," #675
"
https://bulbapedia.bulbagarden.net/wiki/Furfrou_(Pok%C3%A9mon),Furfrou," #676
"
https://bulbapedia.bulbagarden.net/wiki/Espurr_(Pok%C3%A9mon),Espurr," #677
"
https://bulbapedia.bulbagarden.net/wiki/Meowstic_(Pok%C3%A9mon),Meowstic," #678
"
https://bulbapedia.bulbagarden.net/wiki/Honedge_(Pok%C3%A9mon),Honedge," #679
"
https://bulbapedia.bulbagarden.net/wiki/Doublade_(Pok%C3%A9mon),Doublade," #680
"
https://bulbapedia.bulbagarden.net/wiki/Aegislash_(Pok%C3%A9mon),Aegislash," #681
"
https://bulbapedia.bulbagarden.net/wiki/Spritzee_(Pok%C3%A9mon),Spritzee," #682
"
https://bulbapedia.bulbagarden.net/wiki/Aromatisse_(Pok%C3%A9mon),Aromatisse," #683
"
https://bulbapedia.bulbagarden.net/wiki/Swirlix_(Pok%C3%A9mon),Swirlix," #684
"
https://bulbapedia.bulbagarden.net/wiki/Slurpuff_(Pok%C3%A9mon),Slurpuff," #685
"
https://bulbapedia.bulbagarden.net/wiki/Inkay_(Pok%C3%A9mon),Inkay," #686
"
https://bulbapedia.bulbagarden.net/wiki/Malamar_(Pok%C3%A9mon),Malamar," #687
"
https://bulbapedia.bulbagarden.net/wiki/Binacle_(Pok%C3%A9mon),Binacle," #688
"
https://bulbapedia.bulbagarden.net/wiki/Barbaracle_(Pok%C3%A9mon),Barbaracle," #689
"
https://bulbapedia.bulbagarden.net/wiki/Skrelp_(Pok%C3%A9mon),Skrelp," #690
"
https://bulbapedia.bulbagarden.net/wiki/Dragalge_(Pok%C3%A9mon),Dragalge," #691
"
https://bulbapedia.bulbagarden.net/wiki/Clauncher_(Pok%C3%A9mon),Clauncher," #692
"
https://bulbapedia.bulbagarden.net/wiki/Clawitzer_(Pok%C3%A9mon),Clawitzer," #693
"
https://bulbapedia.bulbagarden.net/wiki/Helioptile_(Pok%C3%A9mon),Helioptile," #694
"
https://bulbapedia.bulbagarden.net/wiki/Heliolisk_(Pok%C3%A9mon),Heliolisk," #695
"
https://bulbapedia.bulbagarden.net/wiki/Tyrunt_(Pok%C3%A9mon),Tyrunt," #696
"
https://bulbapedia.bulbagarden.net/wiki/Tyrantrum_(Pok%C3%A9mon),Tyrantrum," #697
"
https://bulbapedia.bulbagarden.net/wiki/Amaura_(Pok%C3%A9mon),Amaura," #698
"
https://bulbapedia.bulbagarden.net/wiki/Aurorus_(Pok%C3%A9mon),Aurorus," #699
"
https://bulbapedia.bulbagarden.net/wiki/Sylveon_(Pok%C3%A9mon),Sylveon," #700
"
https://bulbapedia.bulbagarden.net/wiki/Hawlucha_(Pok%C3%A9mon),Hawlucha," #701
"
https://bulbapedia.bulbagarden.net/wiki/Dedenne_(Pok%C3%A9mon),Dedenne," #702
"
https://bulbapedia.bulbagarden.net/wiki/Carbink_(Pok%C3%A9mon),Carbink," #703
"
https://bulbapedia.bulbagarden.net/wiki/Goomy_(Pok%C3%A9mon),Goomy," #704
"
https://bulbapedia.bulbagarden.net/wiki/Sliggoo_(Pok%C3%A9mon),Sliggoo," #705
"
https://bulbapedia.bulbagarden.net/wiki/Goodra_(Pok%C3%A9mon),Goodra," #706
"
https://bulbapedia.bulbagarden.net/wiki/Klefki_(Pok%C3%A9mon),Klefki," #707
"
https://bulbapedia.bulbagarden.net/wiki/Phantump_(Pok%C3%A9mon),Phantump," #708
"
https://bulbapedia.bulbagarden.net/wiki/Trevenant_(Pok%C3%A9mon),Trevenant," #709
"
https://bulbapedia.bulbagarden.net/wiki/Pumpkaboo_(Pok%C3%A9mon),Pumpkaboo," #710
"
https://bulbapedia.bulbagarden.net/wiki/Gourgeist_(Pok%C3%A9mon),Gourgeist," #711
"
https://bulbapedia.bulbagarden.net/wiki/Bergmite_(Pok%C3%A9mon),Bergmite," #712
"
https://bulbapedia.bulbagarden.net/wiki/Avalugg_(Pok%C3%A9mon),Avalugg," #713
"
https://bulbapedia.bulbagarden.net/wiki/Noibat_(Pok%C3%A9mon),Noibat," #714
"
https://bulbapedia.bulbagarden.net/wiki/Noivern_(Pok%C3%A9mon),Noivern," #715
"
https://bulbapedia.bulbagarden.net/wiki/Xerneas_(Pok%C3%A9mon),Xerneas," #716
"
https://bulbapedia.bulbagarden.net/wiki/Yveltal_(Pok%C3%A9mon),Yveltal," #717
"
https://bulbapedia.bulbagarden.net/wiki/Zygarde_(Pok%C3%A9mon),Zygarde," #718
"
https://bulbapedia.bulbagarden.net/wiki/Diancie_(Pok%C3%A9mon),Diancie," #719
"
https://bulbapedia.bulbagarden.net/wiki/Hoopa_(Pok%C3%A9mon),Hoopa," #720
"
https://bulbapedia.bulbagarden.net/wiki/Volcanion_(Pok%C3%A9mon),Volcanion," #721
"
https://bulbapedia.bulbagarden.net/wiki/Rowlet_(Pok%C3%A9mon),Rowlet," #722
"
https://bulbapedia.bulbagarden.net/wiki/Dartrix_(Pok%C3%A9mon),Dartrix," #723
"
https://bulbapedia.bulbagarden.net/wiki/Decidueye_(Pok%C3%A9mon),Decidueye," #724
"
https://bulbapedia.bulbagarden.net/wiki/Litten_(Pok%C3%A9mon),Litten," #725
"
https://bulbapedia.bulbagarden.net/wiki/Torracat_(Pok%C3%A9mon),Torracat," #726
"
https://bulbapedia.bulbagarden.net/wiki/Incineroar_(Pok%C3%A9mon),Incineroar," #727
"
https://bulbapedia.bulbagarden.net/wiki/Popplio_(Pok%C3%A9mon),Popplio," #728
"
https://bulbapedia.bulbagarden.net/wiki/Brionne_(Pok%C3%A9mon),Brionne," #729
"
https://bulbapedia.bulbagarden.net/wiki/Primarina_(Pok%C3%A9mon),Primarina," #730
"
https://bulbapedia.bulbagarden.net/wiki/Pikipek_(Pok%C3%A9mon),Pikipek," #731
"
https://bulbapedia.bulbagarden.net/wiki/Trumbeak_(Pok%C3%A9mon),Trumbeak," #732
"
https://bulbapedia.bulbagarden.net/wiki/Toucannon_(Pok%C3%A9mon),Toucannon," #733
"
https://bulbapedia.bulbagarden.net/wiki/Yungoos_(Pok%C3%A9mon),Yungoos," #734
"
https://bulbapedia.bulbagarden.net/wiki/Gumshoos_(Pok%C3%A9mon),Gumshoos," #735
"
https://bulbapedia.bulbagarden.net/wiki/Grubbin_(Pok%C3%A9mon),Grubbin," #736
"
https://bulbapedia.bulbagarden.net/wiki/Charjabug_(Pok%C3%A9mon),Charjabug," #737
"
https://bulbapedia.bulbagarden.net/wiki/Vikavolt_(Pok%C3%A9mon),Vikavolt," #738
"
https://bulbapedia.bulbagarden.net/wiki/Crabrawler_(Pok%C3%A9mon),Crabrawler," #739
"
https://bulbapedia.bulbagarden.net/wiki/Crabominable_(Pok%C3%A9mon),Crabominable," #740
"
https://bulbapedia.bulbagarden.net/wiki/Oricorio_(Pok%C3%A9mon),Oricorio," #741
"
https://bulbapedia.bulbagarden.net/wiki/Cutiefly_(Pok%C3%A9mon),Cutiefly," #742
"
https://bulbapedia.bulbagarden.net/wiki/Ribombee_(Pok%C3%A9mon),Ribombee," #743
"
https://bulbapedia.bulbagarden.net/wiki/Rockruff_(Pok%C3%A9mon),Rockruff," #744
"
https://bulbapedia.bulbagarden.net/wiki/Lycanroc_(Pok%C3%A9mon),Lycanroc," #745
"
https://bulbapedia.bulbagarden.net/wiki/Wishiwashi_(Pok%C3%A9mon),Wishiwashi," #746
"
https://bulbapedia.bulbagarden.net/wiki/Mareanie_(Pok%C3%A9mon),Mareanie," #747
"
https://bulbapedia.bulbagarden.net/wiki/Toxapex_(Pok%C3%A9mon),Toxapex," #748
"
https://bulbapedia.bulbagarden.net/wiki/Mudbray_(Pok%C3%A9mon),Mudbray," #749
"
https://bulbapedia.bulbagarden.net/wiki/Mudsdale_(Pok%C3%A9mon),Mudsdale," #750
"
https://bulbapedia.bulbagarden.net/wiki/Dewpider_(Pok%C3%A9mon),Dewpider," #751
"
https://bulbapedia.bulbagarden.net/wiki/Araquanid_(Pok%C3%A9mon),Araquanid," #752
"
https://bulbapedia.bulbagarden.net/wiki/Fomantis_(Pok%C3%A9mon),Fomantis," #753
"
https://bulbapedia.bulbagarden.net/wiki/Lurantis_(Pok%C3%A9mon),Lurantis," #754
"
https://bulbapedia.bulbagarden.net/wiki/Morelull_(Pok%C3%A9mon),Morelull," #755
"
https://bulbapedia.bulbagarden.net/wiki/Shiinotic_(Pok%C3%A9mon),Shiinotic," #756
"
https://bulbapedia.bulbagarden.net/wiki/Salandit_(Pok%C3%A9mon),Salandit," #757
"
https://bulbapedia.bulbagarden.net/wiki/Salazzle_(Pok%C3%A9mon),Salazzle," #758
"
https://bulbapedia.bulbagarden.net/wiki/Stufful_(Pok%C3%A9mon),Stufful," #759
"
https://bulbapedia.bulbagarden.net/wiki/Bewear_(Pok%C3%A9mon),Bewear," #760
"
https://bulbapedia.bulbagarden.net/wiki/Bounsweet_(Pok%C3%A9mon),Bounsweet," #761
"
https://bulbapedia.bulbagarden.net/wiki/Steenee_(Pok%C3%A9mon),Steenee," #762
"
https://bulbapedia.bulbagarden.net/wiki/Tsareena_(Pok%C3%A9mon),Tsareena," #763
"
https://bulbapedia.bulbagarden.net/wiki/Comfey_(Pok%C3%A9mon),Comfey," #764
"
https://bulbapedia.bulbagarden.net/wiki/Oranguru_(Pok%C3%A9mon),Oranguru," #765
"
https://bulbapedia.bulbagarden.net/wiki/Passimian_(Pok%C3%A9mon),Passimian," #766
"
https://bulbapedia.bulbagarden.net/wiki/Wimpod_(Pok%C3%A9mon),Wimpod," #767
"
https://bulbapedia.bulbagarden.net/wiki/Golisopod_(Pok%C3%A9mon),Golisopod," #768
"
https://bulbapedia.bulbagarden.net/wiki/Sandygast_(Pok%C3%A9mon),Sandygast," #769
"
https://bulbapedia.bulbagarden.net/wiki/Palossand_(Pok%C3%A9mon),Palossand," #770
"
https://bulbapedia.bulbagarden.net/wiki/Pyukumuku_(Pok%C3%A9mon),Pyukumuku," #771
"
https://bulbapedia.bulbagarden.net/wiki/Type:_Null_(Pok%C3%A9mon),Type: Null," #772
"
https://bulbapedia.bulbagarden.net/wiki/Silvally_(Pok%C3%A9mon),Silvally," #773
"
https://bulbapedia.bulbagarden.net/wiki/Minior_(Pok%C3%A9mon),Minior," #774
"
https://bulbapedia.bulbagarden.net/wiki/Komala_(Pok%C3%A9mon),Komala," #775
"
https://bulbapedia.bulbagarden.net/wiki/Turtonator_(Pok%C3%A9mon),Turtonator," #776
"
https://bulbapedia.bulbagarden.net/wiki/Togedemaru_(Pok%C3%A9mon),Togedemaru," #777
"
https://bulbapedia.bulbagarden.net/wiki/Mimikyu_(Pok%C3%A9mon),Mimikyu," #778
"
https://bulbapedia.bulbagarden.net/wiki/Bruxish_(Pok%C3%A9mon),Bruxish," #779
"
https://bulbapedia.bulbagarden.net/wiki/Drampa_(Pok%C3%A9mon),Drampa," #780
"
https://bulbapedia.bulbagarden.net/wiki/Dhelmise_(Pok%C3%A9mon),Dhelmise," #781
"
https://bulbapedia.bulbagarden.net/wiki/Jangmo-o_(Pok%C3%A9mon),Jangmo-o," #782
"
https://bulbapedia.bulbagarden.net/wiki/Hakamo-o_(Pok%C3%A9mon),Hakamo-o," #783
"
https://bulbapedia.bulbagarden.net/wiki/Kommo-o_(Pok%C3%A9mon),Kommo-o," #784
"
https://bulbapedia.bulbagarden.net/wiki/Tapu_Koko_(Pok%C3%A9mon),Tapu Koko," #785
"
https://bulbapedia.bulbagarden.net/wiki/Tapu_Lele_(Pok%C3%A9mon),Tapu Lele," #786
"
https://bulbapedia.bulbagarden.net/wiki/Tapu_Bulu_(Pok%C3%A9mon),Tapu Bulu," #787
"
https://bulbapedia.bulbagarden.net/wiki/Tapu_Fini_(Pok%C3%A9mon),Tapu Fini," #788
"
https://bulbapedia.bulbagarden.net/wiki/Cosmog_(Pok%C3%A9mon),Cosmog," #789
"
https://bulbapedia.bulbagarden.net/wiki/Cosmoem_(Pok%C3%A9mon),Cosmoem," #790
"
https://bulbapedia.bulbagarden.net/wiki/Solgaleo_(Pok%C3%A9mon),Solgaleo," #791
"
https://bulbapedia.bulbagarden.net/wiki/Lunala_(Pok%C3%A9mon),Lunala," #792
"
https://bulbapedia.bulbagarden.net/wiki/Nihilego_(Pok%C3%A9mon),Nihilego," #793
"
https://bulbapedia.bulbagarden.net/wiki/Buzzwole_(Pok%C3%A9mon),Buzzwole," #794
"
https://bulbapedia.bulbagarden.net/wiki/Pheromosa_(Pok%C3%A9mon),Pheromosa," #795
"
https://bulbapedia.bulbagarden.net/wiki/Xurkitree_(Pok%C3%A9mon),Xurkitree," #796
"
https://bulbapedia.bulbagarden.net/wiki/Celesteela_(Pok%C3%A9mon),Celesteela," #797
"
https://bulbapedia.bulbagarden.net/wiki/Kartana_(Pok%C3%A9mon),Kartana," #798
"
https://bulbapedia.bulbagarden.net/wiki/Guzzlord_(Pok%C3%A9mon),Guzzlord," #799
"
https://bulbapedia.bulbagarden.net/wiki/Necrozma_(Pok%C3%A9mon),Necrozma," #800
"
https://bulbapedia.bulbagarden.net/wiki/Magearna_(Pok%C3%A9mon),Magearna," #801
"
https://bulbapedia.bulbagarden.net/wiki/Marshadow_(Pok%C3%A9mon),Marshadow," #802
"
https://bulbapedia.bulbagarden.net/wiki/Poipole_(Pok%C3%A9mon),Poipole," #803
"
https://bulbapedia.bulbagarden.net/wiki/Naganadel_(Pok%C3%A9mon),Naganadel," #804
"
https://bulbapedia.bulbagarden.net/wiki/Stakataka_(Pok%C3%A9mon),Stakataka," #805
"
https://bulbapedia.bulbagarden.net/wiki/Blacephalon_(Pok%C3%A9mon),Blacephalon," #806
"
https://bulbapedia.bulbagarden.net/wiki/Zeraora_(Pok%C3%A9mon),Zeraora," #807
"
https://bulbapedia.bulbagarden.net/wiki/Meltan_(Pok%C3%A9mon),Meltan," #808
"
https://bulbapedia.bulbagarden.net/wiki/Melmetal_(Pok%C3%A9mon),Melmetal," #809
"
https://bulbapedia.bulbagarden.net/wiki/Grookey_(Pok%C3%A9mon),Grookey," #810
"
https://bulbapedia.bulbagarden.net/wiki/Thwackey_(Pok%C3%A9mon),Thwackey," #811
"
https://bulbapedia.bulbagarden.net/wiki/Rillaboom_(Pok%C3%A9mon),Rillaboom," #812
"
https://bulbapedia.bulbagarden.net/wiki/Scorbunny_(Pok%C3%A9mon),Scorbunny," #813
"
https://bulbapedia.bulbagarden.net/wiki/Raboot_(Pok%C3%A9mon),Raboot," #814
"
https://bulbapedia.bulbagarden.net/wiki/Cinderace_(Pok%C3%A9mon),Cinderace," #815
"
https://bulbapedia.bulbagarden.net/wiki/Sobble_(Pok%C3%A9mon),Sobble," #816
"
https://bulbapedia.bulbagarden.net/wiki/Drizzile_(Pok%C3%A9mon),Drizzile," #817
"
https://bulbapedia.bulbagarden.net/wiki/Inteleon_(Pok%C3%A9mon),Inteleon," #818
"
https://bulbapedia.bulbagarden.net/wiki/Skwovet_(Pok%C3%A9mon),Skwovet," #819
"
https://bulbapedia.bulbagarden.net/wiki/Greedent_(Pok%C3%A9mon),Greedent," #820
"
https://bulbapedia.bulbagarden.net/wiki/Rookidee_(Pok%C3%A9mon),Rookidee," #821
"
https://bulbapedia.bulbagarden.net/wiki/Corvisquire_(Pok%C3%A9mon),Corvisquire," #822
"
https://bulbapedia.bulbagarden.net/wiki/Corviknight_(Pok%C3%A9mon),Corviknight," #823
"
https://bulbapedia.bulbagarden.net/wiki/Blipbug_(Pok%C3%A9mon),Blipbug," #824
"
https://bulbapedia.bulbagarden.net/wiki/Dottler_(Pok%C3%A9mon),Dottler," #825
"
https://bulbapedia.bulbagarden.net/wiki/Orbeetle_(Pok%C3%A9mon),Orbeetle," #826
"
https://bulbapedia.bulbagarden.net/wiki/Nickit_(Pok%C3%A9mon),Nickit," #827
"
https://bulbapedia.bulbagarden.net/wiki/Thievul_(Pok%C3%A9mon),Thievul," #828
"
https://bulbapedia.bulbagarden.net/wiki/Gossifleur_(Pok%C3%A9mon),Gossifleur," #829
"
https://bulbapedia.bulbagarden.net/wiki/Eldegoss_(Pok%C3%A9mon),Eldegoss," #830
"
https://bulbapedia.bulbagarden.net/wiki/Wooloo_(Pok%C3%A9mon),Wooloo," #831
"
https://bulbapedia.bulbagarden.net/wiki/Dubwool_(Pok%C3%A9mon),Dubwool," #832
"
https://bulbapedia.bulbagarden.net/wiki/Chewtle_(Pok%C3%A9mon),Chewtle," #833
"
https://bulbapedia.bulbagarden.net/wiki/Drednaw_(Pok%C3%A9mon),Drednaw," #834
"
https://bulbapedia.bulbagarden.net/wiki/Yamper_(Pok%C3%A9mon),Yamper," #835
"
https://bulbapedia.bulbagarden.net/wiki/Boltund_(Pok%C3%A9mon),Boltund," #836
"
https://bulbapedia.bulbagarden.net/wiki/Rolycoly_(Pok%C3%A9mon),Rolycoly," #837
"
https://bulbapedia.bulbagarden.net/wiki/Carkol_(Pok%C3%A9mon),Carkol," #838
"
https://bulbapedia.bulbagarden.net/wiki/Coalossal_(Pok%C3%A9mon),Coalossal," #839
"
https://bulbapedia.bulbagarden.net/wiki/Applin_(Pok%C3%A9mon),Applin," #840
"
https://bulbapedia.bulbagarden.net/wiki/Flapple_(Pok%C3%A9mon),Flapple," #841
"
https://bulbapedia.bulbagarden.net/wiki/Appletun_(Pok%C3%A9mon),Appletun," #842
"
https://bulbapedia.bulbagarden.net/wiki/Silicobra_(Pok%C3%A9mon),Silicobra," #843
"
https://bulbapedia.bulbagarden.net/wiki/Sandaconda_(Pok%C3%A9mon),Sandaconda," #844
"
https://bulbapedia.bulbagarden.net/wiki/Cramorant_(Pok%C3%A9mon),Cramorant," #845
"
https://bulbapedia.bulbagarden.net/wiki/Arrokuda_(Pok%C3%A9mon),Arrokuda," #846
"
https://bulbapedia.bulbagarden.net/wiki/Barraskewda_(Pok%C3%A9mon),Barraskewda," #847
"
https://bulbapedia.bulbagarden.net/wiki/Toxel_(Pok%C3%A9mon),Toxel," #848
"
https://bulbapedia.bulbagarden.net/wiki/Toxtricity_(Pok%C3%A9mon),Toxtricity," #849
"
https://bulbapedia.bulbagarden.net/wiki/Sizzlipede_(Pok%C3%A9mon),Sizzlipede," #850
"
https://bulbapedia.bulbagarden.net/wiki/Centiskorch_(Pok%C3%A9mon),Centiskorch," #851
"
https://bulbapedia.bulbagarden.net/wiki/Clobbopus_(Pok%C3%A9mon),Clobbopus," #852
"
https://bulbapedia.bulbagarden.net/wiki/Grapploct_(Pok%C3%A9mon),Grapploct," #853
"
https://bulbapedia.bulbagarden.net/wiki/Sinistea_(Pok%C3%A9mon),Sinistea," #854
"
https://bulbapedia.bulbagarden.net/wiki/Polteageist_(Pok%C3%A9mon),Polteageist," #855
"
https://bulbapedia.bulbagarden.net/wiki/Hatenna_(Pok%C3%A9mon),Hatenna," #856
"
https://bulbapedia.bulbagarden.net/wiki/Hattrem_(Pok%C3%A9mon),Hattrem," #857
"
https://bulbapedia.bulbagarden.net/wiki/Hatterene_(Pok%C3%A9mon),Hatterene," #858
"
https://bulbapedia.bulbagarden.net/wiki/Impidimp_(Pok%C3%A9mon),Impidimp," #859
"
https://bulbapedia.bulbagarden.net/wiki/Morgrem_(Pok%C3%A9mon),Morgrem," #860
"
https://bulbapedia.bulbagarden.net/wiki/Grimmsnarl_(Pok%C3%A9mon),Grimmsnarl," #861
"
https://bulbapedia.bulbagarden.net/wiki/Obstagoon_(Pok%C3%A9mon),Obstagoon," #862
"
https://bulbapedia.bulbagarden.net/wiki/Perrserker_(Pok%C3%A9mon),Perrserker," #863
"
https://bulbapedia.bulbagarden.net/wiki/Cursola_(Pok%C3%A9mon),Cursola," #864
"
https://bulbapedia.bulbagarden.net/wiki/Sirfetch%27d_(Pok%C3%A9mon),Sirfetch'd," #865
"
https://bulbapedia.bulbagarden.net/wiki/Mr._Rime_(Pok%C3%A9mon),Mr. Rime," #866
"
https://bulbapedia.bulbagarden.net/wiki/Runerigus_(Pok%C3%A9mon),Runerigus," #867
"
https://bulbapedia.bulbagarden.net/wiki/Milcery_(Pok%C3%A9mon),Milcery," #868
"
https://bulbapedia.bulbagarden.net/wiki/Alcremie_(Pok%C3%A9mon),Alcremie," #869
"
https://bulbapedia.bulbagarden.net/wiki/Falinks_(Pok%C3%A9mon),Falinks," #870
"
https://bulbapedia.bulbagarden.net/wiki/Pincurchin_(Pok%C3%A9mon),Pincurchin," #871
"
https://bulbapedia.bulbagarden.net/wiki/Snom_(Pok%C3%A9mon),Snom," #872
"
https://bulbapedia.bulbagarden.net/wiki/Frosmoth_(Pok%C3%A9mon),Frosmoth," #873
"
https://bulbapedia.bulbagarden.net/wiki/Stonjourner_(Pok%C3%A9mon),Stonjourner," #874
"
https://bulbapedia.bulbagarden.net/wiki/Eiscue_(Pok%C3%A9mon),Eiscue," #875
"
https://bulbapedia.bulbagarden.net/wiki/Indeedee_(Pok%C3%A9mon),Indeedee," #876
"
https://bulbapedia.bulbagarden.net/wiki/Morpeko_(Pok%C3%A9mon),Morpeko," #877
"
https://bulbapedia.bulbagarden.net/wiki/Cufant_(Pok%C3%A9mon),Cufant," #878
"
https://bulbapedia.bulbagarden.net/wiki/Copperajah_(Pok%C3%A9mon),Copperajah," #879
"
https://bulbapedia.bulbagarden.net/wiki/Dracozolt_(Pok%C3%A9mon),Dracozolt," #880
"
https://bulbapedia.bulbagarden.net/wiki/Arctozolt_(Pok%C3%A9mon),Arctozolt," #881
"
https://bulbapedia.bulbagarden.net/wiki/Dracovish_(Pok%C3%A9mon),Dracovish," #882
"
https://bulbapedia.bulbagarden.net/wiki/Arctovish_(Pok%C3%A9mon),Arctovish," #883
"
https://bulbapedia.bulbagarden.net/wiki/Duraludon_(Pok%C3%A9mon),Duraludon," #884
"
https://bulbapedia.bulbagarden.net/wiki/Dreepy_(Pok%C3%A9mon),Dreepy," #885
"
https://bulbapedia.bulbagarden.net/wiki/Drakloak_(Pok%C3%A9mon),Drakloak," #886
"
https://bulbapedia.bulbagarden.net/wiki/Dragapult_(Pok%C3%A9mon),Dragapult," #887
"
https://bulbapedia.bulbagarden.net/wiki/Zacian_(Pok%C3%A9mon),Zacian," #888
"
https://bulbapedia.bulbagarden.net/wiki/Zamazenta_(Pok%C3%A9mon),Zamazenta," #889
"
https://bulbapedia.bulbagarden.net/wiki/Eternatus_(Pok%C3%A9mon),Eternatus," #890
"
https://bulbapedia.bulbagarden.net/wiki/Kubfu_(Pok%C3%A9mon),Kubfu," #???
"
https://bulbapedia.bulbagarden.net/wiki/Urshifu_(Pok%C3%A9mon),Urshifu," #???
"
https://bulbapedia.bulbagarden.net/wiki/Calyrex_(Pok%C3%A9mon),Calyrex," #???
"
